fk_tempo,fk_regiao,fk_cultura,diagnostico_causa_risco,total_custeio_contratado,total_contratos,taxa_inadimplencia_referencia_bcb,taxa_selic_mensal
2020-02-01,3,10,Oscilações de Mercado / Custo de Insumos,15939933.86859389,96,2.38,0.29
2020-03-01,15,3,Oscilações de Mercado / Custo de Insumos,43602248.58753128,172,2.44,0.34
2020-04-01,6,8,Oscilações de Mercado / Custo de Insumos,4683360.422625131,204,2.48,0.28
2020-04-01,3,10,Oscilações de Mercado / Custo de Insumos,8858603.145521263,65,2.48,0.28
2020-04-01,5,7,Oscilações de Mercado / Custo de Insumos,26504234.242508,166,2.48,0.28
2020-05-01,13,13,Oscilações de Mercado / Custo de Insumos,7570315.446217366,201,2.49,0.24
2020-06-01,10,11,Oscilações de Mercado / Custo de Insumos,16427288.484505957,154,2.06,0.21
2020-06-01,14,1,Oscilações de Mercado / Custo de Insumos,14523080.343959138,96,2.06,0.21
2020-08-01,7,1,Oscilações de Mercado / Custo de Insumos,15380236.891929902,141,1.74,0.16
2020-08-01,13,13,Oscilações de Mercado / Custo de Insumos,18250833.671654265,71,1.74,0.16
2020-08-01,14,1,Oscilações de Mercado / Custo de Insumos,10655473.109510237,129,1.74,0.16
2020-09-01,8,1,Oscilações de Mercado / Custo de Insumos,13389628.418954937,15,1.66,0.16
2020-11-01,13,13,Oscilações de Mercado / Custo de Insumos,2826681.758901932,171,1.6,0.15
2020-12-01,15,11,Oscilações de Mercado / Custo de Insumos,4501845.363501434,113,1.52,0.16
2021-01-01,13,13,Oscilações de Mercado / Custo de Insumos,2097465.4929063795,187,1.67,0.15
2021-02-01,16,6,Oscilações de Mercado / Custo de Insumos,25880831.74030088,217,1.65,0.13
2021-03-01,13,13,Oscilações de Mercado / Custo de Insumos,2764732.932062974,112,1.72,0.2
2021-07-01,5,7,Oscilações de Mercado / Custo de Insumos,23868627.72481236,69,1.74,0.36
2021-08-01,16,6,Oscilações de Mercado / Custo de Insumos,14287430.484111995,150,1.72,0.43
2021-08-01,2,11,Oscilações de Mercado / Custo de Insumos,3157776.664747585,17,1.72,0.43
2021-08-01,8,5,Oscilações de Mercado / Custo de Insumos,5437209.064180934,79,1.72,0.43
2021-10-01,9,2,Oscilações de Mercado / Custo de Insumos,17494569.357165955,57,1.68,0.49
2021-11-01,4,9,Oscilações de Mercado / Custo de Insumos,25871263.68323156,114,1.73,0.59
2021-11-01,12,12,Oscilações de Mercado / Custo de Insumos,11610206.686675057,106,1.73,0.59
2021-11-01,3,10,Oscilações de Mercado / Custo de Insumos,27602839.412813164,115,1.73,0.59
2021-11-01,9,2,Oscilações de Mercado / Custo de Insumos,3234754.937137221,189,1.73,0.59
2021-12-01,16,8,Oscilações de Mercado / Custo de Insumos,10874265.052388186,52,1.63,0.77
2021-12-01,12,12,Oscilações de Mercado / Custo de Insumos,17011414.777284738,43,1.63,0.77
2022-02-01,16,8,Oscilações de Mercado / Custo de Insumos,4077435.391699152,190,1.61,0.76
2022-03-01,16,6,Oscilações de Mercado / Custo de Insumos,6297997.289225551,43,1.77,0.93
2022-03-01,8,1,Oscilações de Mercado / Custo de Insumos,21136480.750370905,68,1.77,0.93
2022-04-01,8,1,Oscilações de Mercado / Custo de Insumos,25833615.67711076,201,1.78,0.83
2022-04-01,9,2,Oscilações de Mercado / Custo de Insumos,22498355.24034663,203,1.78,0.83
2022-05-01,13,13,Oscilações de Mercado / Custo de Insumos,26019180.318865098,129,1.79,1.03
2022-05-01,8,5,Oscilações de Mercado / Custo de Insumos,15487785.893064626,160,1.79,1.03
2022-06-01,7,1,Estiagem Severa (Quebra de Grãos / Soja),25012617.003788102,175,1.76,1.02
2022-06-01,1,11,Estiagem Severa (Quebra de Grãos / Soja),26233855.626941625,174,1.76,1.02
2022-08-01,5,7,Oscilações de Mercado / Custo de Insumos,27007595.681911703,212,1.94,1.17
2022-09-01,10,11,Estiagem Severa (Quebra de Grãos / Soja),6002482.759647889,73,2,1.07
2022-09-01,7,1,Estiagem Severa (Quebra de Grãos / Soja),23729749.203128207,27,2,1.07
2022-11-01,6,8,Estiagem Severa (Quebra de Grãos / Soja),18529379.82879904,115,2.21,1.02
2022-12-01,5,7,Oscilações de Mercado / Custo de Insumos,26759394.316614386,47,2.18,1.12
2023-01-01,8,5,Oscilações de Mercado / Custo de Insumos,3899008.975278489,141,2.38,1.12
2023-02-01,9,2,Oscilações de Mercado / Custo de Insumos,16034473.712118156,166,2.46,0.92
2023-04-01,10,11,Estiagem Severa (Quebra de Grãos / Soja),5618822.088012494,108,2.9,0.92
2023-05-01,4,9,Estiagem Severa (Quebra de Grãos / Soja),5560809.8854320925,59,3.1,1.12
2023-05-01,1,11,Estiagem Severa (Quebra de Grãos / Soja),5891492.733554957,22,3.1,1.12
2023-05-01,8,1,Oscilações de Mercado / Custo de Insumos,22642371.738445763,86,3.1,1.12
2023-07-01,16,6,Oscilações de Mercado / Custo de Insumos,4653660.556384364,168,3.34,1.07
2023-07-01,4,9,Estiagem Severa (Quebra de Grãos / Soja),12132371.484040776,29,3.34,1.07
2023-07-01,11,11,Estiagem Severa (Quebra de Grãos / Soja),23100226.35436165,101,3.34,1.07
2023-08-01,11,11,Estiagem Severa (Quebra de Grãos / Soja),12922618.540144682,50,3.5,1.14
2023-09-01,15,11,Oscilações de Mercado / Custo de Insumos,17169141.73519742,197,3.52,0.97
2023-09-01,5,7,Oscilações de Mercado / Custo de Insumos,5163930.383698082,38,3.52,0.97
2023-10-01,15,3,Oscilações de Mercado / Custo de Insumos,21073619.366550088,224,3.67,1
2023-10-01,10,11,Estiagem Severa (Quebra de Grãos / Soja),15948312.162638178,174,3.67,1
2023-10-01,7,1,Estiagem Severa (Quebra de Grãos / Soja),18852987.069036487,214,3.67,1
2023-10-01,6,8,Estiagem Severa (Quebra de Grãos / Soja),27846451.26399459,144,3.67,1
2023-11-01,11,11,Estiagem Severa (Quebra de Grãos / Soja),4882404.5460072365,156,3.75,0.92
2024-02-01,8,5,Oscilações de Mercado / Custo de Insumos,8430130.939380556,72,3.56,0.8
2024-03-01,13,13,Oscilações de Mercado / Custo de Insumos,3600276.2119786153,110,3.45,0.83
2024-03-01,3,10,Oscilações de Mercado / Custo de Insumos,2348757.9790099156,152,3.45,0.83
2024-04-01,15,11,Oscilações de Mercado / Custo de Insumos,9471937.361565277,178,3.54,0.89
2024-04-01,6,8,Oscilações de Mercado / Custo de Insumos,11550776.02454285,215,3.54,0.89
2024-05-01,14,1,Enchentes Históricas / Calamidade Hídrica,23067908.081881598,158,3.54,0.83
2024-06-01,13,13,Enchentes Históricas / Calamidade Hídrica,20025195.43821634,68,3.36,0.79
2024-09-01,4,9,Oscilações de Mercado / Custo de Insumos,4064324.801978718,21,3.19,0.84
2024-10-01,9,2,Oscilações de Mercado / Custo de Insumos,21557621.224283498,124,3.14,0.93
2024-11-01,5,7,Oscilações de Mercado / Custo de Insumos,12174426.383756317,151,3.09,0.79
2024-12-01,16,6,Oscilações de Mercado / Custo de Insumos,13336473.561250743,115,2.77,0.93
2024-12-01,10,11,Oscilações de Mercado / Custo de Insumos,27155203.980108786,212,2.77,0.93
2024-12-01,5,7,Oscilações de Mercado / Custo de Insumos,23361511.291002937,39,2.77,0.93
2025-01-01,8,1,Oscilações de Mercado / Custo de Insumos,3819443.91312827,101,3.12,1.01
2025-02-01,5,7,Oscilações de Mercado / Custo de Insumos,20341434.14986221,190,3.26,0.99
2025-02-01,9,4,Oscilações de Mercado / Custo de Insumos,9784478.699116692,87,3.26,0.99
2025-04-01,11,11,Oscilações de Mercado / Custo de Insumos,18340257.891010106,35,3.48,1.06
2025-04-01,1,11,Oscilações de Mercado / Custo de Insumos,5250368.087967409,213,3.48,1.06
2025-04-01,5,7,Oscilações de Mercado / Custo de Insumos,8846724.380653542,15,3.48,1.06
2025-05-01,15,11,Oscilações de Mercado / Custo de Insumos,13523665.302648395,49,3.48,1.14
2025-05-01,8,1,Oscilações de Mercado / Custo de Insumos,6128343.210651674,60,3.48,1.14
2025-06-01,15,3,Atraso de Transplante e Perda de Estufas,39982381.0314365,229,3.51,1.1
2025-08-01,1,11,Oscilações de Mercado / Custo de Insumos,19832784.977442212,45,3.78,1.16
2025-09-01,15,11,Oscilações de Mercado / Custo de Insumos,27865278.894154225,210,3.65,1.22
2025-09-01,1,11,Oscilações de Mercado / Custo de Insumos,13339563.37818551,101,3.65,1.22
2025-11-01,8,1,Oscilações de Mercado / Custo de Insumos,27942906.41886783,177,3.57,1.05
2025-11-01,9,2,Oscilações de Mercado / Custo de Insumos,27859794.408871945,22,3.57,1.05
2025-12-01,7,1,Oscilações de Mercado / Custo de Insumos,4535388.199399734,208,3.49,1.22
2026-01-01,1,11,Oscilações de Mercado / Custo de Insumos,19684571.196053144,162,3.76,1.16
2026-02-01,10,11,Oscilações de Mercado / Custo de Insumos,26439750.85028772,83,4.01,1
2026-07-01,13,13,Oscilações de Mercado / Custo de Insumos,22054932.892473612,22,4.19,1.22
2026-09-01,15,3,Atraso de Transplante e Perda de Estufas,24240123.972859617,364,3.2,0.85
2026-11-01,13,13,Oscilações de Mercado / Custo de Insumos,6521128.758157476,118,3.2,0.85
2026-12-01,15,11,Oscilações de Mercado / Custo de Insumos,13205494.602127189,189,3.2,0.85
2026-12-01,11,11,Oscilações de Mercado / Custo de Insumos,5058830.178522697,130,3.2,0.85
2020-01-01,6,8,Oscilações de Mercado / Custo de Insumos,27795942.8534299,206,2.41,0.38
2020-03-01,11,11,Oscilações de Mercado / Custo de Insumos,20915681.872457277,51,2.44,0.34
2020-03-01,14,1,Oscilações de Mercado / Custo de Insumos,18473952.775111046,110,2.44,0.34
2020-04-01,16,6,Oscilações de Mercado / Custo de Insumos,4563949.60755309,199,2.48,0.28
2020-04-01,10,11,Oscilações de Mercado / Custo de Insumos,22856208.414756797,42,2.48,0.28
2020-04-01,12,12,Oscilações de Mercado / Custo de Insumos,18769481.158183694,135,2.48,0.28
2020-04-01,1,11,Oscilações de Mercado / Custo de Insumos,23231986.86716932,135,2.48,0.28
2020-06-01,5,7,Oscilações de Mercado / Custo de Insumos,6013170.947138465,160,2.06,0.21
2020-07-01,13,13,Oscilações de Mercado / Custo de Insumos,26792928.71746779,172,1.94,0.19
2020-07-01,14,1,Oscilações de Mercado / Custo de Insumos,10465657.98236746,38,1.94,0.19
2020-08-01,9,2,Oscilações de Mercado / Custo de Insumos,10397599.887837976,100,1.74,0.16
2020-10-01,4,9,Oscilações de Mercado / Custo de Insumos,4266913.092636275,83,1.59,0.16
2021-01-01,3,10,Oscilações de Mercado / Custo de Insumos,3275145.8228641385,140,1.67,0.15
2021-02-01,4,9,Oscilações de Mercado / Custo de Insumos,18290244.319143876,61,1.65,0.13
2021-03-01,15,3,Oscilações de Mercado / Custo de Insumos,25029407.00177388,390,1.72,0.2
2021-03-01,12,12,Oscilações de Mercado / Custo de Insumos,11670561.012374047,191,1.72,0.2
2021-05-01,3,10,Oscilações de Mercado / Custo de Insumos,7664845.5267456,136,1.81,0.27
2021-05-01,8,1,Oscilações de Mercado / Custo de Insumos,15801895.797792103,15,1.81,0.27
2021-06-01,16,6,Oscilações de Mercado / Custo de Insumos,11684892.289342301,77,1.71,0.31
2021-07-01,3,1,Oscilações de Mercado / Custo de Insumos,5804909.446629499,35,1.74,0.36
2021-07-01,3,10,Oscilações de Mercado / Custo de Insumos,6342388.196722576,108,1.74,0.36
2021-08-01,15,3,Oscilações de Mercado / Custo de Insumos,33624014.45878246,256,1.72,0.43
2021-08-01,9,2,Oscilações de Mercado / Custo de Insumos,14196954.467559576,217,1.72,0.43
2021-10-01,11,11,Oscilações de Mercado / Custo de Insumos,21291392.865404136,169,1.68,0.49
2021-10-01,12,12,Oscilações de Mercado / Custo de Insumos,14742314.9628286,24,1.68,0.49
2021-12-01,2,11,Oscilações de Mercado / Custo de Insumos,27359182.470888212,213,1.63,0.77
2022-02-01,4,9,Estiagem Severa (Quebra de Grãos / Soja),18644649.766693436,50,1.61,0.76
2022-02-01,13,13,Oscilações de Mercado / Custo de Insumos,13226515.063345296,151,1.61,0.76
2022-04-01,10,11,Estiagem Severa (Quebra de Grãos / Soja),20993388.946908556,164,1.78,0.83
2022-04-01,12,12,Estiagem Severa (Quebra de Grãos / Soja),21997899.738140535,215,1.78,0.83
2022-07-01,9,4,Oscilações de Mercado / Custo de Insumos,12181540.89524966,137,1.86,1.03
2022-08-01,3,10,Oscilações de Mercado / Custo de Insumos,14791944.259063795,190,1.94,1.17
2022-10-01,12,12,Estiagem Severa (Quebra de Grãos / Soja),3317516.0666405153,207,2.17,1.02
2022-11-01,16,6,Oscilações de Mercado / Custo de Insumos,19629081.714357484,189,2.21,1.02
2022-11-01,4,9,Estiagem Severa (Quebra de Grãos / Soja),13127171.78731617,198,2.21,1.02
2022-11-01,12,12,Estiagem Severa (Quebra de Grãos / Soja),21714464.855078146,20,2.21,1.02
2023-01-01,2,11,Estiagem Severa (Quebra de Grãos / Soja),3161647.631668577,87,2.38,1.12
2023-02-01,7,1,Estiagem Severa (Quebra de Grãos / Soja),13161769.749657389,133,2.46,0.92
2023-03-01,15,3,Oscilações de Mercado / Custo de Insumos,17120860.744147707,290,2.54,1.17
2023-03-01,10,11,Estiagem Severa (Quebra de Grãos / Soja),25703919.6551573,200,2.54,1.17
2023-05-01,7,1,Estiagem Severa (Quebra de Grãos / Soja),2585308.0546641625,165,3.1,1.12
2023-06-01,14,1,Oscilações de Mercado / Custo de Insumos,11980222.253283057,161,3.15,1.07
2023-07-01,12,12,Estiagem Severa (Quebra de Grãos / Soja),6929383.224908908,35,3.34,1.07
2023-09-01,4,9,Estiagem Severa (Quebra de Grãos / Soja),7832449.612810193,157,3.52,0.97
2023-11-01,15,11,Oscilações de Mercado / Custo de Insumos,21937314.88545892,118,3.75,0.92
2023-11-01,3,1,Oscilações de Mercado / Custo de Insumos,15154775.264894491,215,3.75,0.92
2023-11-01,8,5,Oscilações de Mercado / Custo de Insumos,26181594.623670608,26,3.75,0.92
2023-11-01,9,4,Oscilações de Mercado / Custo de Insumos,20701258.16401277,172,3.75,0.92
2023-12-01,15,3,Oscilações de Mercado / Custo de Insumos,45749654.53799088,275,3.31,0.89
2023-12-01,12,12,Estiagem Severa (Quebra de Grãos / Soja),21838016.783658482,94,3.31,0.89
2023-12-01,9,2,Oscilações de Mercado / Custo de Insumos,9077118.742230643,160,3.31,0.89
2024-01-01,15,3,Atraso de Transplante e Perda de Estufas,21098689.23269896,251,3.57,0.97
2024-01-01,15,11,Oscilações de Mercado / Custo de Insumos,3407360.230299506,45,3.57,0.97
2024-02-01,7,1,Oscilações de Mercado / Custo de Insumos,18727561.23471771,202,3.56,0.8
2024-03-01,15,11,Oscilações de Mercado / Custo de Insumos,21120764.740502924,83,3.45,0.83
2024-03-01,2,11,Oscilações de Mercado / Custo de Insumos,16199940.34543582,19,3.45,0.83
2024-09-01,7,1,Oscilações de Mercado / Custo de Insumos,10057965.452750806,210,3.19,0.84
2024-09-01,6,8,Oscilações de Mercado / Custo de Insumos,27040934.17639502,217,3.19,0.84
2024-12-01,15,3,Atraso de Transplante e Perda de Estufas,23694531.10442365,303,2.77,0.93
2024-12-01,3,1,Oscilações de Mercado / Custo de Insumos,27470300.395788472,116,2.77,0.93
2025-03-01,7,1,Oscilações de Mercado / Custo de Insumos,9236305.31201623,134,3.2,0.96
2025-03-01,11,11,Oscilações de Mercado / Custo de Insumos,20932449.05376182,201,3.2,0.96
2025-04-01,3,1,Oscilações de Mercado / Custo de Insumos,11874196.78429409,18,3.48,1.06
2025-04-01,13,13,Oscilações de Mercado / Custo de Insumos,8915101.636477243,208,3.48,1.06
2025-04-01,8,1,Oscilações de Mercado / Custo de Insumos,14179325.901170656,75,3.48,1.06
2025-06-01,16,6,Oscilações de Mercado / Custo de Insumos,1841005.7560165902,211,3.51,1.1
2025-06-01,3,10,Oscilações de Mercado / Custo de Insumos,19316603.344140347,16,3.51,1.1
2025-06-01,14,1,Oscilações de Mercado / Custo de Insumos,17353912.729663707,65,3.51,1.1
2025-07-01,15,11,Oscilações de Mercado / Custo de Insumos,27771096.54042119,158,3.71,1.28
2025-07-01,3,1,Oscilações de Mercado / Custo de Insumos,16014400.455544988,133,3.71,1.28
2025-09-01,6,8,Oscilações de Mercado / Custo de Insumos,15992666.085142106,155,3.65,1.22
2025-10-01,16,8,Oscilações de Mercado / Custo de Insumos,2833839.7617415623,22,3.72,1.28
2025-11-01,15,3,Atraso de Transplante e Perda de Estufas,35249171.13315949,285,3.57,1.05
2025-11-01,10,11,Oscilações de Mercado / Custo de Insumos,13305725.195804205,187,3.57,1.05
2025-11-01,11,11,Oscilações de Mercado / Custo de Insumos,8508446.205749802,52,3.57,1.05
2025-11-01,6,8,Oscilações de Mercado / Custo de Insumos,15173331.211910885,83,3.57,1.05
2025-12-01,16,6,Oscilações de Mercado / Custo de Insumos,23000599.083842613,142,3.49,1.22
2025-12-01,2,11,Oscilações de Mercado / Custo de Insumos,1959525.2038837837,48,3.49,1.22
2026-01-01,3,1,Oscilações de Mercado / Custo de Insumos,13935125.178885154,28,3.76,1.16
2026-03-01,16,6,Oscilações de Mercado / Custo de Insumos,11233322.206605632,159,3.92,1.21
2026-03-01,7,1,Oscilações de Mercado / Custo de Insumos,14270354.552505385,55,3.92,1.21
2026-03-01,14,1,Oscilações de Mercado / Custo de Insumos,5093975.847596327,21,3.92,1.21
2026-05-01,2,11,Oscilações de Mercado / Custo de Insumos,26894092.78589094,18,4.11,1.07
2026-06-01,9,4,Oscilações de Mercado / Custo de Insumos,22580343.298714574,89,3.98,1.12
2026-07-01,7,1,Oscilações de Mercado / Custo de Insumos,25887949.999804024,103,4.19,1.22
2026-07-01,3,1,Oscilações de Mercado / Custo de Insumos,27405467.189377397,94,4.19,1.22
2026-07-01,14,1,Oscilações de Mercado / Custo de Insumos,16605235.186262215,98,4.19,1.22
2026-08-01,4,9,Oscilações de Mercado / Custo de Insumos,5829744.045610124,23,3.2,0.85
2026-08-01,3,10,Oscilações de Mercado / Custo de Insumos,22433786.049500015,31,3.2,0.85
2026-09-01,5,7,Oscilações de Mercado / Custo de Insumos,7225386.201324407,60,3.2,0.85
2026-10-01,12,12,Oscilações de Mercado / Custo de Insumos,2064373.8952524478,180,3.2,0.85
2026-11-01,4,9,Oscilações de Mercado / Custo de Insumos,17560711.637655392,31,3.2,0.85
2026-11-01,14,1,Oscilações de Mercado / Custo de Insumos,20899303.81538239,136,3.2,0.85
2020-01-01,12,12,Oscilações de Mercado / Custo de Insumos,9771146.765539888,175,2.41,0.38
2020-01-01,1,11,Oscilações de Mercado / Custo de Insumos,1985137.196756596,36,2.41,0.38
2020-01-01,8,1,Oscilações de Mercado / Custo de Insumos,6267732.040607038,149,2.41,0.38
2020-02-01,10,11,Oscilações de Mercado / Custo de Insumos,8580035.517920442,95,2.38,0.29
2020-02-01,7,1,Oscilações de Mercado / Custo de Insumos,21590468.950322494,118,2.38,0.29
2020-02-01,4,9,Oscilações de Mercado / Custo de Insumos,7248071.567146547,148,2.38,0.29
2020-02-01,1,11,Oscilações de Mercado / Custo de Insumos,26078462.28379741,204,2.38,0.29
2020-03-01,16,6,Oscilações de Mercado / Custo de Insumos,25771943.499247056,55,2.44,0.34
2020-03-01,8,5,Oscilações de Mercado / Custo de Insumos,16557819.985781252,66,2.44,0.34
2020-04-01,7,1,Oscilações de Mercado / Custo de Insumos,12712560.634203594,58,2.48,0.28
2020-04-01,9,4,Oscilações de Mercado / Custo de Insumos,5679877.564779077,127,2.48,0.28
2020-05-01,15,11,Oscilações de Mercado / Custo de Insumos,2665929.201994368,68,2.49,0.24
2020-08-01,16,8,Oscilações de Mercado / Custo de Insumos,3644902.6282580504,118,1.74,0.16
2020-09-01,4,9,Oscilações de Mercado / Custo de Insumos,23861004.565313913,210,1.66,0.16
2020-09-01,14,1,Oscilações de Mercado / Custo de Insumos,20034524.19965489,141,1.66,0.16
2020-10-01,2,11,Oscilações de Mercado / Custo de Insumos,26667618.16769431,24,1.59,0.16
2020-10-01,8,5,Oscilações de Mercado / Custo de Insumos,3648901.1818912616,30,1.59,0.16
2020-10-01,9,4,Oscilações de Mercado / Custo de Insumos,16877423.46034803,98,1.59,0.16
2020-11-01,15,3,Oscilações de Mercado / Custo de Insumos,30628442.222682387,239,1.6,0.15
2020-11-01,4,9,Oscilações de Mercado / Custo de Insumos,2277411.832070603,60,1.6,0.15
2020-12-01,4,9,Oscilações de Mercado / Custo de Insumos,26913787.218339797,154,1.52,0.16
2021-02-01,16,8,Oscilações de Mercado / Custo de Insumos,15625769.058061056,94,1.65,0.13
2021-02-01,10,11,Oscilações de Mercado / Custo de Insumos,16310982.251314605,178,1.65,0.13
2021-02-01,6,8,Oscilações de Mercado / Custo de Insumos,18242021.69820246,15,1.65,0.13
2021-02-01,3,1,Oscilações de Mercado / Custo de Insumos,26700780.88280584,88,1.65,0.13
2021-03-01,6,8,Oscilações de Mercado / Custo de Insumos,27666634.588051546,160,1.72,0.2
2021-05-01,2,11,Oscilações de Mercado / Custo de Insumos,15299184.637442324,209,1.81,0.27
2021-07-01,9,4,Oscilações de Mercado / Custo de Insumos,24476286.698422283,89,1.74,0.36
2021-08-01,5,7,Oscilações de Mercado / Custo de Insumos,7085338.113052179,186,1.72,0.43
2021-08-01,8,1,Oscilações de Mercado / Custo de Insumos,21717969.92910979,87,1.72,0.43
2021-10-01,10,11,Oscilações de Mercado / Custo de Insumos,18045906.205327056,125,1.68,0.49
2021-11-01,15,3,Oscilações de Mercado / Custo de Insumos,23076442.657285202,236,1.73,0.59
2021-12-01,3,1,Oscilações de Mercado / Custo de Insumos,19184679.146837816,128,1.63,0.77
2022-01-01,9,4,Oscilações de Mercado / Custo de Insumos,22939473.902819753,134,1.69,0.73
2022-02-01,11,11,Estiagem Severa (Quebra de Grãos / Soja),25187998.83021674,96,1.61,0.76
2022-02-01,8,5,Oscilações de Mercado / Custo de Insumos,27616623.58073345,134,1.61,0.76
2022-03-01,16,8,Oscilações de Mercado / Custo de Insumos,5265636.731483656,18,1.77,0.93
2022-03-01,10,11,Estiagem Severa (Quebra de Grãos / Soja),2281835.7255436284,51,1.77,0.93
2022-03-01,7,1,Estiagem Severa (Quebra de Grãos / Soja),15677135.980763124,160,1.77,0.93
2022-03-01,3,10,Oscilações de Mercado / Custo de Insumos,6394727.499934379,67,1.77,0.93
2022-03-01,8,5,Oscilações de Mercado / Custo de Insumos,11071430.065904737,78,1.77,0.93
2022-04-01,4,9,Estiagem Severa (Quebra de Grãos / Soja),6044763.6007595165,162,1.78,0.83
2022-05-01,3,10,Oscilações de Mercado / Custo de Insumos,26539782.014771968,73,1.79,1.03
2022-06-01,3,10,Oscilações de Mercado / Custo de Insumos,17015838.829355985,199,1.76,1.02
2022-06-01,8,1,Oscilações de Mercado / Custo de Insumos,4694421.7640425395,191,1.76,1.02
2022-07-01,4,9,Estiagem Severa (Quebra de Grãos / Soja),24832899.658128716,53,1.86,1.03
2022-10-01,15,11,Oscilações de Mercado / Custo de Insumos,15981184.36131409,213,2.17,1.02
2022-11-01,15,11,Oscilações de Mercado / Custo de Insumos,19974474.315475002,43,2.21,1.02
2022-11-01,3,10,Oscilações de Mercado / Custo de Insumos,20531009.853298888,39,2.21,1.02
2023-01-01,3,1,Oscilações de Mercado / Custo de Insumos,17383147.899275728,148,2.38,1.12
2023-02-01,15,11,Oscilações de Mercado / Custo de Insumos,8274104.731065837,26,2.46,0.92
2023-02-01,13,13,Oscilações de Mercado / Custo de Insumos,23819853.04445566,111,2.46,0.92
2023-03-01,16,6,Oscilações de Mercado / Custo de Insumos,27793892.888125617,184,2.54,1.17
2023-04-01,5,7,Oscilações de Mercado / Custo de Insumos,3295675.6295400495,92,2.9,0.92
2023-04-01,8,1,Oscilações de Mercado / Custo de Insumos,13647614.541026004,49,2.9,0.92
2023-05-01,15,11,Oscilações de Mercado / Custo de Insumos,27295160.999443077,64,3.1,1.12
2023-06-01,13,13,Oscilações de Mercado / Custo de Insumos,18805756.0604131,68,3.15,1.07
2023-08-01,9,4,Oscilações de Mercado / Custo de Insumos,19391326.341702096,74,3.5,1.14
2023-09-01,16,8,Oscilações de Mercado / Custo de Insumos,7963172.321812002,189,3.52,0.97
2023-09-01,8,5,Oscilações de Mercado / Custo de Insumos,16953737.22556792,116,3.52,0.97
2023-10-01,4,9,Estiagem Severa (Quebra de Grãos / Soja),10297544.33162284,58,3.67,1
2023-10-01,3,1,Oscilações de Mercado / Custo de Insumos,10539522.19617165,44,3.67,1
2023-10-01,13,13,Oscilações de Mercado / Custo de Insumos,26995642.282016106,50,3.67,1
2023-11-01,12,12,Estiagem Severa (Quebra de Grãos / Soja),11779829.568387866,80,3.75,0.92
2024-01-01,8,5,Oscilações de Mercado / Custo de Insumos,15568221.095578369,21,3.57,0.97
2024-02-01,6,8,Oscilações de Mercado / Custo de Insumos,24454102.274078943,210,3.56,0.8
2024-02-01,14,1,Oscilações de Mercado / Custo de Insumos,9119434.10508957,43,3.56,0.8
2024-03-01,8,5,Oscilações de Mercado / Custo de Insumos,27370960.259488363,167,3.45,0.83
2024-04-01,3,1,Oscilações de Mercado / Custo de Insumos,26121919.360632718,172,3.54,0.89
2024-04-01,8,1,Oscilações de Mercado / Custo de Insumos,7591860.332087685,155,3.54,0.89
2024-05-01,16,8,Enchentes Históricas / Calamidade Hídrica,15936372.976982234,36,3.54,0.83
2024-05-01,2,11,Oscilações de Mercado / Custo de Insumos,4256431.320913583,171,3.54,0.83
2024-05-01,8,5,Enchentes Históricas / Calamidade Hídrica,20833296.935960725,122,3.54,0.83
2024-05-01,9,2,Enchentes Históricas / Calamidade Hídrica,22761859.37991798,78,3.54,0.83
2024-06-01,9,2,Enchentes Históricas / Calamidade Hídrica,3499164.175453771,17,3.36,0.79
2024-07-01,15,11,Enchentes Históricas / Calamidade Hídrica,17576215.874175005,96,3.2,0.91
2024-09-01,10,11,Oscilações de Mercado / Custo de Insumos,5448228.723280993,121,3.19,0.84
2024-11-01,16,6,Oscilações de Mercado / Custo de Insumos,2511786.436109667,127,3.09,0.79
2024-11-01,13,13,Oscilações de Mercado / Custo de Insumos,16932946.186086327,55,3.09,0.79
2025-01-01,15,3,Atraso de Transplante e Perda de Estufas,39246703.648234,275,3.12,1.01
2025-02-01,4,9,Oscilações de Mercado / Custo de Insumos,6229924.043327004,165,3.26,0.99
2025-03-01,6,8,Oscilações de Mercado / Custo de Insumos,3061342.3026328604,55,3.2,0.96
2025-04-01,16,6,Oscilações de Mercado / Custo de Insumos,25659726.381200656,90,3.48,1.06
2025-04-01,14,1,Oscilações de Mercado / Custo de Insumos,3658424.062704864,180,3.48,1.06
2025-06-01,13,13,Oscilações de Mercado / Custo de Insumos,21446090.028235417,157,3.51,1.1
2025-07-01,2,11,Oscilações de Mercado / Custo de Insumos,17265481.225372784,136,3.71,1.28
2025-08-01,3,1,Oscilações de Mercado / Custo de Insumos,27267061.720210686,123,3.78,1.16
2025-10-01,4,9,Oscilações de Mercado / Custo de Insumos,20720152.768944733,112,3.72,1.28
2025-10-01,9,4,Oscilações de Mercado / Custo de Insumos,25234656.98879488,193,3.72,1.28
2026-01-01,2,11,Oscilações de Mercado / Custo de Insumos,23350411.612865955,124,3.76,1.16
2026-02-01,13,13,Oscilações de Mercado / Custo de Insumos,4139385.5425700108,193,4.01,1
2026-02-01,5,7,Oscilações de Mercado / Custo de Insumos,11956398.702937953,171,4.01,1
2026-02-01,9,2,Oscilações de Mercado / Custo de Insumos,27110444.634371344,115,4.01,1
2026-03-01,3,1,Oscilações de Mercado / Custo de Insumos,24587795.22906082,87,3.92,1.21
2026-03-01,9,2,Oscilações de Mercado / Custo de Insumos,7019440.202224191,68,3.92,1.21
2026-04-01,13,13,Oscilações de Mercado / Custo de Insumos,8802018.900592197,170,4.01,1.09
2026-05-01,8,1,Oscilações de Mercado / Custo de Insumos,5489037.2609881135,213,4.11,1.07
2026-07-01,8,5,Oscilações de Mercado / Custo de Insumos,24206423.007481296,100,4.19,1.22
2026-08-01,12,12,Oscilações de Mercado / Custo de Insumos,14416592.715227382,107,3.2,0.85
2026-08-01,9,2,Oscilações de Mercado / Custo de Insumos,27328552.65339655,123,3.2,0.85
2026-09-01,11,11,Oscilações de Mercado / Custo de Insumos,13068695.36508076,202,3.2,0.85
2026-09-01,3,1,Oscilações de Mercado / Custo de Insumos,14835544.126227878,98,3.2,0.85
2026-09-01,8,5,Oscilações de Mercado / Custo de Insumos,13852062.764216932,179,3.2,0.85
2026-09-01,8,1,Oscilações de Mercado / Custo de Insumos,23045018.82240746,125,3.2,0.85
2026-10-01,16,8,Oscilações de Mercado / Custo de Insumos,9200777.570894096,195,3.2,0.85
2026-11-01,2,11,Oscilações de Mercado / Custo de Insumos,23480665.580678396,141,3.2,0.85
2020-01-01,10,11,Oscilações de Mercado / Custo de Insumos,17549213.30767207,131,2.41,0.38
2020-02-01,16,8,Oscilações de Mercado / Custo de Insumos,14773635.04491528,186,2.38,0.29
2020-03-01,7,1,Oscilações de Mercado / Custo de Insumos,4299745.052048776,176,2.44,0.34
2020-03-01,1,11,Oscilações de Mercado / Custo de Insumos,27258856.89919452,115,2.44,0.34
2020-03-01,2,11,Oscilações de Mercado / Custo de Insumos,14737444.624747038,156,2.44,0.34
2020-04-01,15,11,Oscilações de Mercado / Custo de Insumos,24868257.382199753,100,2.48,0.28
2020-04-01,2,11,Oscilações de Mercado / Custo de Insumos,15793142.78763658,214,2.48,0.28
2020-04-01,8,5,Oscilações de Mercado / Custo de Insumos,11327095.582337502,194,2.48,0.28
2020-05-01,10,11,Oscilações de Mercado / Custo de Insumos,16285798.933668792,174,2.49,0.24
2020-05-01,12,12,Oscilações de Mercado / Custo de Insumos,23190515.078347858,153,2.49,0.24
2020-06-01,15,3,Oscilações de Mercado / Custo de Insumos,24544007.560419302,221,2.06,0.21
2020-07-01,3,1,Oscilações de Mercado / Custo de Insumos,21936115.174825296,49,1.94,0.19
2020-08-01,6,8,Oscilações de Mercado / Custo de Insumos,20373468.11904511,57,1.74,0.16
2020-08-01,9,4,Oscilações de Mercado / Custo de Insumos,16017289.429338507,200,1.74,0.16
2020-09-01,15,11,Oscilações de Mercado / Custo de Insumos,2817470.042050888,194,1.66,0.16
2020-10-01,1,11,Oscilações de Mercado / Custo de Insumos,6337888.991642398,114,1.59,0.16
2020-11-01,2,11,Oscilações de Mercado / Custo de Insumos,18278302.58563296,128,1.6,0.15
2020-12-01,3,10,Oscilações de Mercado / Custo de Insumos,4772772.572857138,71,1.52,0.16
2021-01-01,11,11,Oscilações de Mercado / Custo de Insumos,21538508.453784272,59,1.67,0.15
2021-01-01,3,1,Oscilações de Mercado / Custo de Insumos,25546484.88948208,216,1.67,0.15
2021-01-01,8,5,Oscilações de Mercado / Custo de Insumos,17084261.64554558,145,1.67,0.15
2021-03-01,2,11,Oscilações de Mercado / Custo de Insumos,23764212.06343181,191,1.72,0.2
2021-03-01,5,7,Oscilações de Mercado / Custo de Insumos,24455726.257882394,69,1.72,0.2
2021-04-01,6,8,Oscilações de Mercado / Custo de Insumos,16259959.17589152,207,1.78,0.21
2021-04-01,3,10,Oscilações de Mercado / Custo de Insumos,17972309.256949052,180,1.78,0.21
2021-04-01,8,5,Oscilações de Mercado / Custo de Insumos,4184254.785544853,105,1.78,0.21
2021-05-01,16,6,Oscilações de Mercado / Custo de Insumos,18065108.931858793,48,1.81,0.27
2021-05-01,14,1,Oscilações de Mercado / Custo de Insumos,10907623.419446308,106,1.81,0.27
2021-05-01,8,5,Oscilações de Mercado / Custo de Insumos,4124006.384434857,36,1.81,0.27
2021-06-01,2,11,Oscilações de Mercado / Custo de Insumos,19803736.241567276,21,1.71,0.31
2021-06-01,13,13,Oscilações de Mercado / Custo de Insumos,15205948.983430453,165,1.71,0.31
2021-06-01,9,2,Oscilações de Mercado / Custo de Insumos,4937767.853664381,140,1.71,0.31
2021-07-01,8,1,Oscilações de Mercado / Custo de Insumos,4735419.236802971,166,1.74,0.36
2021-09-01,3,10,Oscilações de Mercado / Custo de Insumos,13641053.354034828,54,1.68,0.44
2021-11-01,2,11,Oscilações de Mercado / Custo de Insumos,26049895.03815754,55,1.73,0.59
2021-11-01,14,1,Oscilações de Mercado / Custo de Insumos,10502236.0115594,71,1.73,0.59
2021-11-01,8,1,Oscilações de Mercado / Custo de Insumos,17726833.11740958,182,1.73,0.59
2021-12-01,5,7,Oscilações de Mercado / Custo de Insumos,27918105.39836382,77,1.63,0.77
2022-01-01,3,10,Oscilações de Mercado / Custo de Insumos,15044306.432578085,201,1.69,0.73
2022-02-01,1,11,Estiagem Severa (Quebra de Grãos / Soja),11312151.359511372,144,1.61,0.76
2022-02-01,3,10,Oscilações de Mercado / Custo de Insumos,7551175.757121118,186,1.61,0.76
2022-02-01,5,7,Oscilações de Mercado / Custo de Insumos,22229679.899446405,100,1.61,0.76
2022-03-01,4,9,Estiagem Severa (Quebra de Grãos / Soja),16904731.658473443,56,1.77,0.93
2022-03-01,2,11,Estiagem Severa (Quebra de Grãos / Soja),20983235.955627434,148,1.77,0.93
2022-03-01,5,7,Oscilações de Mercado / Custo de Insumos,23758402.43527135,187,1.77,0.93
2022-05-01,15,3,Oscilações de Mercado / Custo de Insumos,28742857.450751107,155,1.79,1.03
2022-05-01,4,9,Estiagem Severa (Quebra de Grãos / Soja),27676901.809512153,73,1.79,1.03
2022-06-01,11,11,Estiagem Severa (Quebra de Grãos / Soja),2439300.476781296,208,1.76,1.02
2022-06-01,9,4,Oscilações de Mercado / Custo de Insumos,20547496.85913714,82,1.76,1.02
2022-08-01,1,11,Estiagem Severa (Quebra de Grãos / Soja),26207644.593957536,54,1.94,1.17
2022-10-01,10,11,Estiagem Severa (Quebra de Grãos / Soja),26355386.36559502,36,2.17,1.02
2022-10-01,3,10,Oscilações de Mercado / Custo de Insumos,21666495.73334039,194,2.17,1.02
2022-12-01,15,3,Oscilações de Mercado / Custo de Insumos,25328288.99270832,331,2.18,1.12
2023-01-01,9,2,Oscilações de Mercado / Custo de Insumos,23213201.573017336,148,2.38,1.12
2023-02-01,4,9,Estiagem Severa (Quebra de Grãos / Soja),14852727.77107224,46,2.46,0.92
2023-02-01,6,8,Estiagem Severa (Quebra de Grãos / Soja),10506643.184303854,164,2.46,0.92
2023-02-01,8,5,Oscilações de Mercado / Custo de Insumos,21066177.825042717,18,2.46,0.92
2023-03-01,15,11,Oscilações de Mercado / Custo de Insumos,17460357.409703646,80,2.54,1.17
2023-03-01,9,4,Oscilações de Mercado / Custo de Insumos,17486306.27862282,182,2.54,1.17
2023-05-01,16,8,Oscilações de Mercado / Custo de Insumos,13714184.217607109,53,3.1,1.12
2023-05-01,8,5,Oscilações de Mercado / Custo de Insumos,2596140.9640571256,127,3.1,1.12
2023-06-01,7,1,Estiagem Severa (Quebra de Grãos / Soja),4170620.4165207297,87,3.15,1.07
2023-06-01,6,8,Estiagem Severa (Quebra de Grãos / Soja),10368268.832956854,116,3.15,1.07
2023-07-01,2,11,Estiagem Severa (Quebra de Grãos / Soja),26088305.073663235,50,3.34,1.07
2023-08-01,3,10,Oscilações de Mercado / Custo de Insumos,17807701.907895982,29,3.5,1.14
2023-09-01,1,11,Estiagem Severa (Quebra de Grãos / Soja),27679980.629630048,167,3.52,0.97
2023-09-01,2,11,Estiagem Severa (Quebra de Grãos / Soja),12393151.724332454,160,3.52,0.97
2024-01-01,13,13,Oscilações de Mercado / Custo de Insumos,6352318.006352116,66,3.57,0.97
2024-01-01,14,1,Oscilações de Mercado / Custo de Insumos,12405718.842032235,130,3.57,0.97
2024-01-01,8,1,Oscilações de Mercado / Custo de Insumos,6434443.202768985,28,3.57,0.97
2024-02-01,16,8,Oscilações de Mercado / Custo de Insumos,7438289.046851623,147,3.56,0.8
2024-03-01,8,1,Oscilações de Mercado / Custo de Insumos,2073205.7242119603,192,3.45,0.83
2024-03-01,9,4,Oscilações de Mercado / Custo de Insumos,3614462.8246895303,92,3.45,0.83
2024-04-01,15,3,Atraso de Transplante e Perda de Estufas,24572334.908138465,264,3.54,0.89
2024-04-01,5,7,Oscilações de Mercado / Custo de Insumos,10103368.906437557,46,3.54,0.89
2024-05-01,15,11,Enchentes Históricas / Calamidade Hídrica,27598347.175542116,164,3.54,0.83
2024-05-01,5,7,Oscilações de Mercado / Custo de Insumos,13892805.829798495,150,3.54,0.83
2024-06-01,4,9,Oscilações de Mercado / Custo de Insumos,11440047.684114613,195,3.36,0.79
2024-06-01,8,1,Enchentes Históricas / Calamidade Hídrica,15164874.467469221,18,3.36,0.79
2024-07-01,3,10,Enchentes Históricas / Calamidade Hídrica,18503895.52912002,159,3.2,0.91
2024-08-01,2,11,Oscilações de Mercado / Custo de Insumos,1984165.1399168218,71,3.22,0.87
2024-08-01,14,1,Enchentes Históricas / Calamidade Hídrica,14167983.375961354,166,3.22,0.87
2024-08-01,9,4,Enchentes Históricas / Calamidade Hídrica,8338110.43605706,28,3.22,0.87
2024-10-01,6,8,Oscilações de Mercado / Custo de Insumos,24069354.732793342,36,3.14,0.93
2024-11-01,6,8,Oscilações de Mercado / Custo de Insumos,23339102.807725906,37,3.09,0.79
2024-12-01,8,5,Oscilações de Mercado / Custo de Insumos,27304583.617375735,147,2.77,0.93
2025-01-01,8,5,Oscilações de Mercado / Custo de Insumos,27783656.569797378,138,3.12,1.01
2025-02-01,10,11,Oscilações de Mercado / Custo de Insumos,25349801.57032248,91,3.26,0.99
2025-02-01,14,1,Oscilações de Mercado / Custo de Insumos,25662178.23507058,124,3.26,0.99
2025-02-01,8,5,Oscilações de Mercado / Custo de Insumos,20122062.828306537,184,3.26,0.99
2025-04-01,6,8,Oscilações de Mercado / Custo de Insumos,22466619.31432042,34,3.48,1.06
2025-04-01,2,11,Oscilações de Mercado / Custo de Insumos,27234074.609639313,187,3.48,1.06
2025-05-01,12,12,Oscilações de Mercado / Custo de Insumos,9489407.168052787,120,3.48,1.14
2025-05-01,14,1,Oscilações de Mercado / Custo de Insumos,2975163.482217499,25,3.48,1.14
2025-06-01,7,1,Oscilações de Mercado / Custo de Insumos,8549309.172743512,172,3.51,1.1
2025-08-01,15,3,Atraso de Transplante e Perda de Estufas,16053064.070932144,380,3.78,1.16
2025-08-01,2,11,Oscilações de Mercado / Custo de Insumos,2521462.0605799956,172,3.78,1.16
2025-08-01,9,4,Oscilações de Mercado / Custo de Insumos,4842840.757253772,136,3.78,1.16
2025-09-01,7,1,Oscilações de Mercado / Custo de Insumos,27233444.426343903,123,3.65,1.22
2025-09-01,13,13,Oscilações de Mercado / Custo de Insumos,10772137.045469489,99,3.65,1.22
2025-10-01,11,11,Oscilações de Mercado / Custo de Insumos,13811820.323714554,187,3.72,1.28
2025-10-01,8,5,Oscilações de Mercado / Custo de Insumos,21759112.614095666,204,3.72,1.28
2025-11-01,3,10,Oscilações de Mercado / Custo de Insumos,11198346.765925752,35,3.57,1.05
2025-12-01,1,11,Oscilações de Mercado / Custo de Insumos,4708150.188332449,86,3.49,1.22
2025-12-01,8,5,Oscilações de Mercado / Custo de Insumos,5604148.6375781,202,3.49,1.22
2026-01-01,6,8,Oscilações de Mercado / Custo de Insumos,17149657.457482204,88,3.76,1.16
2026-01-01,8,5,Oscilações de Mercado / Custo de Insumos,5955952.586591102,133,3.76,1.16
2026-02-01,16,8,Oscilações de Mercado / Custo de Insumos,17081582.766701788,101,4.01,1
2026-02-01,7,1,Oscilações de Mercado / Custo de Insumos,10086277.922907837,78,4.01,1
2026-05-01,9,2,Oscilações de Mercado / Custo de Insumos,23996494.30267984,40,4.11,1.07
2026-05-01,9,4,Oscilações de Mercado / Custo de Insumos,9037417.91434901,59,4.11,1.07
2026-09-01,16,8,Oscilações de Mercado / Custo de Insumos,26702030.26907275,183,3.2,0.85
2026-09-01,1,11,Oscilações de Mercado / Custo de Insumos,23366813.764572114,146,3.2,0.85
2026-09-01,14,1,Oscilações de Mercado / Custo de Insumos,9535335.225228624,82,3.2,0.85
2026-10-01,15,11,Oscilações de Mercado / Custo de Insumos,13938293.715747276,199,3.2,0.85
2026-10-01,10,11,Oscilações de Mercado / Custo de Insumos,5150110.19202734,109,3.2,0.85
2026-11-01,8,5,Oscilações de Mercado / Custo de Insumos,10828627.012526063,140,3.2,0.85
2026-12-01,10,11,Oscilações de Mercado / Custo de Insumos,22398588.08923972,114,3.2,0.85
2026-12-01,9,2,Oscilações de Mercado / Custo de Insumos,24470748.883413505,57,3.2,0.85
2020-03-01,15,11,Oscilações de Mercado / Custo de Insumos,22007283.083171777,177,2.44,0.34
2020-05-01,7,1,Oscilações de Mercado / Custo de Insumos,3918357.1499171397,82,2.49,0.24
2020-05-01,4,9,Oscilações de Mercado / Custo de Insumos,8026103.652600871,198,2.49,0.24
2020-05-01,1,11,Oscilações de Mercado / Custo de Insumos,23684925.384438034,158,2.49,0.24
2020-06-01,16,8,Oscilações de Mercado / Custo de Insumos,8633724.380556718,74,2.06,0.21
2020-06-01,16,6,Oscilações de Mercado / Custo de Insumos,4239292.516514559,143,2.06,0.21
2020-06-01,9,4,Oscilações de Mercado / Custo de Insumos,6485154.981598815,35,2.06,0.21
2020-08-01,8,5,Oscilações de Mercado / Custo de Insumos,16966260.26229804,106,1.74,0.16
2020-09-01,7,1,Oscilações de Mercado / Custo de Insumos,18119730.466457807,122,1.66,0.16
2020-09-01,6,8,Oscilações de Mercado / Custo de Insumos,18500663.419253014,113,1.66,0.16
2020-09-01,9,4,Oscilações de Mercado / Custo de Insumos,6591089.124211452,62,1.66,0.16
2020-11-01,5,7,Oscilações de Mercado / Custo de Insumos,6448916.047028738,178,1.6,0.15
2020-12-01,10,11,Oscilações de Mercado / Custo de Insumos,9598041.572143946,100,1.52,0.16
2020-12-01,3,1,Oscilações de Mercado / Custo de Insumos,9482122.218489291,83,1.52,0.16
2021-01-01,8,1,Oscilações de Mercado / Custo de Insumos,12285839.793247052,204,1.67,0.15
2021-03-01,8,5,Oscilações de Mercado / Custo de Insumos,25724942.709150244,116,1.72,0.2
2021-05-01,10,11,Oscilações de Mercado / Custo de Insumos,10413292.189532716,208,1.81,0.27
2021-05-01,9,4,Oscilações de Mercado / Custo de Insumos,5173208.035450671,48,1.81,0.27
2021-06-01,7,1,Oscilações de Mercado / Custo de Insumos,4014345.6012338665,15,1.71,0.31
2021-07-01,15,11,Oscilações de Mercado / Custo de Insumos,4077311.5478905006,160,1.74,0.36
2021-08-01,6,8,Oscilações de Mercado / Custo de Insumos,20329428.505884446,61,1.72,0.43
2021-08-01,13,13,Oscilações de Mercado / Custo de Insumos,13701820.872140411,192,1.72,0.43
2021-09-01,4,9,Oscilações de Mercado / Custo de Insumos,22275679.42188707,78,1.68,0.44
2021-09-01,2,11,Oscilações de Mercado / Custo de Insumos,10084350.45616816,146,1.68,0.44
2021-09-01,14,1,Oscilações de Mercado / Custo de Insumos,18151460.457564145,193,1.68,0.44
2021-10-01,4,9,Oscilações de Mercado / Custo de Insumos,21512961.745017156,52,1.68,0.49
2021-10-01,13,13,Oscilações de Mercado / Custo de Insumos,12208927.012681622,194,1.68,0.49
2021-10-01,9,4,Oscilações de Mercado / Custo de Insumos,6557860.180197353,162,1.68,0.49
2021-11-01,1,11,Oscilações de Mercado / Custo de Insumos,12912223.588122513,151,1.73,0.59
2021-11-01,3,1,Oscilações de Mercado / Custo de Insumos,4531270.510557409,43,1.73,0.59
2021-11-01,13,13,Oscilações de Mercado / Custo de Insumos,5017642.484358225,165,1.73,0.59
2021-12-01,15,3,Oscilações de Mercado / Custo de Insumos,6715162.264179613,254,1.63,0.77
2021-12-01,4,9,Oscilações de Mercado / Custo de Insumos,6421339.046463051,196,1.63,0.77
2021-12-01,1,11,Oscilações de Mercado / Custo de Insumos,7566547.008924743,164,1.63,0.77
2021-12-01,13,13,Oscilações de Mercado / Custo de Insumos,5694963.467131559,119,1.63,0.77
2021-12-01,9,2,Oscilações de Mercado / Custo de Insumos,7174658.580628588,76,1.63,0.77
2022-01-01,15,11,Oscilações de Mercado / Custo de Insumos,20508351.0344935,92,1.69,0.73
2022-01-01,4,9,Estiagem Severa (Quebra de Grãos / Soja),3778188.1316618975,171,1.69,0.73
2022-02-01,16,6,Oscilações de Mercado / Custo de Insumos,4040323.5083870636,88,1.61,0.76
2022-02-01,7,1,Estiagem Severa (Quebra de Grãos / Soja),6553608.399352689,126,1.61,0.76
2022-02-01,9,2,Oscilações de Mercado / Custo de Insumos,2388695.8779870756,128,1.61,0.76
2022-04-01,2,11,Estiagem Severa (Quebra de Grãos / Soja),19836142.786406685,75,1.78,0.83
2022-05-01,15,11,Oscilações de Mercado / Custo de Insumos,18540473.89575766,22,1.79,1.03
2022-05-01,16,6,Oscilações de Mercado / Custo de Insumos,18495467.390484557,132,1.79,1.03
2022-06-01,3,1,Oscilações de Mercado / Custo de Insumos,27945873.69597344,137,1.76,1.02
2022-06-01,2,11,Estiagem Severa (Quebra de Grãos / Soja),21900333.169995524,43,1.76,1.02
2022-08-01,10,11,Estiagem Severa (Quebra de Grãos / Soja),24335322.590149604,156,1.94,1.17
2022-08-01,14,1,Oscilações de Mercado / Custo de Insumos,19701379.607881412,190,1.94,1.17
2022-09-01,4,9,Estiagem Severa (Quebra de Grãos / Soja),26168367.183355153,103,2,1.07
2022-09-01,3,1,Oscilações de Mercado / Custo de Insumos,23436398.864796784,45,2,1.07
2022-09-01,9,2,Oscilações de Mercado / Custo de Insumos,8606853.823880985,118,2,1.07
2022-10-01,2,11,Estiagem Severa (Quebra de Grãos / Soja),27184599.808485117,189,2.17,1.02
2022-11-01,8,5,Oscilações de Mercado / Custo de Insumos,7136972.731038384,188,2.21,1.02
2022-11-01,9,4,Oscilações de Mercado / Custo de Insumos,21738828.56270657,64,2.21,1.02
2022-12-01,4,9,Estiagem Severa (Quebra de Grãos / Soja),7709151.732025868,180,2.18,1.12
2022-12-01,11,11,Estiagem Severa (Quebra de Grãos / Soja),3482274.151368513,202,2.18,1.12
2022-12-01,13,13,Oscilações de Mercado / Custo de Insumos,20713455.8516857,109,2.18,1.12
2023-01-01,15,11,Oscilações de Mercado / Custo de Insumos,15364045.056679439,111,2.38,1.12
2023-02-01,3,1,Oscilações de Mercado / Custo de Insumos,7578701.47296487,49,2.46,0.92
2023-03-01,7,1,Estiagem Severa (Quebra de Grãos / Soja),11856795.378936263,26,2.54,1.17
2023-04-01,15,3,Oscilações de Mercado / Custo de Insumos,35157771.18351051,239,2.9,0.92
2023-04-01,3,1,Oscilações de Mercado / Custo de Insumos,22908558.00729139,134,2.9,0.92
2023-04-01,2,11,Estiagem Severa (Quebra de Grãos / Soja),24442463.855063226,170,2.9,0.92
2023-04-01,14,1,Oscilações de Mercado / Custo de Insumos,26339069.13812799,51,2.9,0.92
2023-04-01,9,2,Oscilações de Mercado / Custo de Insumos,10083289.950390864,73,2.9,0.92
2023-04-01,9,4,Oscilações de Mercado / Custo de Insumos,2889208.907120273,193,2.9,0.92
2023-05-01,6,8,Estiagem Severa (Quebra de Grãos / Soja),6054405.640152807,133,3.1,1.12
2023-06-01,8,1,Oscilações de Mercado / Custo de Insumos,7754464.234294568,49,3.15,1.07
2023-07-01,15,3,Oscilações de Mercado / Custo de Insumos,29953471.97004414,225,3.34,1.07
2023-09-01,13,13,Oscilações de Mercado / Custo de Insumos,13479721.961923398,132,3.52,0.97
2023-10-01,11,11,Estiagem Severa (Quebra de Grãos / Soja),6786511.405859577,17,3.67,1
2023-10-01,12,12,Estiagem Severa (Quebra de Grãos / Soja),11309139.92236499,16,3.67,1
2023-10-01,1,11,Estiagem Severa (Quebra de Grãos / Soja),20943043.368268248,49,3.67,1
2023-10-01,5,7,Oscilações de Mercado / Custo de Insumos,15838685.333194729,69,3.67,1
2023-11-01,8,1,Oscilações de Mercado / Custo de Insumos,15940994.611510502,56,3.75,0.92
2023-11-01,9,2,Oscilações de Mercado / Custo de Insumos,11772330.289086398,187,3.75,0.92
2023-12-01,11,11,Estiagem Severa (Quebra de Grãos / Soja),25976238.39145093,47,3.31,0.89
2024-03-01,4,9,Oscilações de Mercado / Custo de Insumos,2731956.7163313664,166,3.45,0.83
2024-04-01,11,11,Oscilações de Mercado / Custo de Insumos,17481527.28293038,182,3.54,0.89
2024-04-01,9,2,Oscilações de Mercado / Custo de Insumos,23860362.08571961,140,3.54,0.89
2024-05-01,1,11,Oscilações de Mercado / Custo de Insumos,17832841.23983807,198,3.54,0.83
2024-05-01,9,4,Enchentes Históricas / Calamidade Hídrica,21249518.92499974,24,3.54,0.83
2024-06-01,10,11,Oscilações de Mercado / Custo de Insumos,21338225.107558284,26,3.36,0.79
2024-06-01,11,11,Oscilações de Mercado / Custo de Insumos,21614134.036756057,89,3.36,0.79
2024-07-01,11,11,Oscilações de Mercado / Custo de Insumos,15431770.315268736,206,3.2,0.91
2024-07-01,13,13,Enchentes Históricas / Calamidade Hídrica,18635208.227822017,132,3.2,0.91
2024-08-01,11,11,Oscilações de Mercado / Custo de Insumos,13201726.460490348,63,3.22,0.87
2024-09-01,8,1,Oscilações de Mercado / Custo de Insumos,4789309.5640638545,203,3.19,0.84
2024-10-01,5,7,Oscilações de Mercado / Custo de Insumos,22602530.56884176,206,3.14,0.93
2024-10-01,8,5,Oscilações de Mercado / Custo de Insumos,24649955.340588886,149,3.14,0.93
2024-10-01,9,4,Oscilações de Mercado / Custo de Insumos,7167889.382748669,157,3.14,0.93
2024-11-01,2,11,Oscilações de Mercado / Custo de Insumos,11144779.522514237,166,3.09,0.79
2024-11-01,9,4,Oscilações de Mercado / Custo de Insumos,25540953.27486308,123,3.09,0.79
2024-12-01,16,8,Oscilações de Mercado / Custo de Insumos,23293890.6951631,138,2.77,0.93
2024-12-01,1,11,Oscilações de Mercado / Custo de Insumos,6148018.256749567,176,2.77,0.93
2025-02-01,7,1,Oscilações de Mercado / Custo de Insumos,25568509.80449274,129,3.26,0.99
2025-02-01,1,11,Oscilações de Mercado / Custo de Insumos,27392168.606979273,161,3.26,0.99
2025-02-01,9,2,Oscilações de Mercado / Custo de Insumos,18079225.828042477,85,3.26,0.99
2025-03-01,2,11,Oscilações de Mercado / Custo de Insumos,6655650.703652319,134,3.2,0.96
2025-03-01,3,10,Oscilações de Mercado / Custo de Insumos,22617950.901944984,76,3.2,0.96
2025-04-01,10,11,Oscilações de Mercado / Custo de Insumos,22075646.9801301,188,3.48,1.06
2025-04-01,8,5,Oscilações de Mercado / Custo de Insumos,1876531.0546796846,167,3.48,1.06
2025-07-01,1,11,Oscilações de Mercado / Custo de Insumos,19431725.50673413,178,3.71,1.28
2025-09-01,2,11,Oscilações de Mercado / Custo de Insumos,6899144.521667644,123,3.65,1.22
2025-10-01,6,8,Oscilações de Mercado / Custo de Insumos,21341533.012027714,163,3.72,1.28
2025-10-01,1,11,Oscilações de Mercado / Custo de Insumos,14029690.423457123,34,3.72,1.28
2025-10-01,14,1,Oscilações de Mercado / Custo de Insumos,15488036.60962317,116,3.72,1.28
2025-11-01,3,1,Oscilações de Mercado / Custo de Insumos,2600395.7758465554,107,3.57,1.05
2026-01-01,15,11,Oscilações de Mercado / Custo de Insumos,23866445.554211434,67,3.76,1.16
2026-02-01,3,10,Oscilações de Mercado / Custo de Insumos,2908043.8296342473,200,4.01,1
2026-03-01,16,8,Oscilações de Mercado / Custo de Insumos,27986015.703249525,154,3.92,1.21
2026-03-01,6,8,Oscilações de Mercado / Custo de Insumos,12712416.11588163,27,3.92,1.21
2026-03-01,2,11,Oscilações de Mercado / Custo de Insumos,24860106.53354291,68,3.92,1.21
2026-05-01,14,1,Oscilações de Mercado / Custo de Insumos,3780852.0641588704,46,4.11,1.07
2026-07-01,15,3,Atraso de Transplante e Perda de Estufas,16719692.19222109,109,4.19,1.22
2026-07-01,9,2,Oscilações de Mercado / Custo de Insumos,22351826.479689542,88,4.19,1.22
2026-08-01,15,3,Atraso de Transplante e Perda de Estufas,13234440.16485703,369,3.2,0.85
2026-08-01,10,11,Oscilações de Mercado / Custo de Insumos,14399321.840998836,107,3.2,0.85
2026-10-01,15,3,Atraso de Transplante e Perda de Estufas,16809979.23509869,56,3.2,0.85
2026-11-01,3,10,Oscilações de Mercado / Custo de Insumos,13896962.96790372,181,3.2,0.85
2026-11-01,8,1,Oscilações de Mercado / Custo de Insumos,22945257.681307618,176,3.2,0.85
2020-01-01,15,3,Oscilações de Mercado / Custo de Insumos,43647667.531196915,146,2.41,0.38
2020-01-01,16,8,Oscilações de Mercado / Custo de Insumos,5887056.432808509,136,2.41,0.38
2020-01-01,4,9,Oscilações de Mercado / Custo de Insumos,27211638.12664425,67,2.41,0.38
2020-02-01,6,8,Oscilações de Mercado / Custo de Insumos,23867861.09438896,205,2.38,0.29
2020-02-01,13,13,Oscilações de Mercado / Custo de Insumos,10323654.665997526,204,2.38,0.29
2020-03-01,16,8,Oscilações de Mercado / Custo de Insumos,26069083.017049745,19,2.44,0.34
2020-03-01,8,1,Oscilações de Mercado / Custo de Insumos,25578241.61686364,146,2.44,0.34
2020-04-01,11,11,Oscilações de Mercado / Custo de Insumos,11135003.357616743,106,2.48,0.28
2020-06-01,3,1,Oscilações de Mercado / Custo de Insumos,6034672.309278881,127,2.06,0.21
2020-06-01,2,11,Oscilações de Mercado / Custo de Insumos,19327492.273512788,180,2.06,0.21
2020-07-01,15,11,Oscilações de Mercado / Custo de Insumos,16014554.040538361,47,1.94,0.19
2020-07-01,4,9,Oscilações de Mercado / Custo de Insumos,18335832.001128286,22,1.94,0.19
2020-07-01,5,7,Oscilações de Mercado / Custo de Insumos,2204963.3530563265,138,1.94,0.19
2020-07-01,8,1,Oscilações de Mercado / Custo de Insumos,27484687.493360396,113,1.94,0.19
2020-08-01,3,1,Oscilações de Mercado / Custo de Insumos,17821659.22468083,167,1.74,0.16
2020-09-01,15,3,Oscilações de Mercado / Custo de Insumos,26379164.302620415,211,1.66,0.16
2020-10-01,16,8,Oscilações de Mercado / Custo de Insumos,12793521.635608096,107,1.59,0.16
2020-10-01,16,6,Oscilações de Mercado / Custo de Insumos,16630174.9149448,90,1.59,0.16
2020-11-01,8,1,Oscilações de Mercado / Custo de Insumos,11546873.847770918,50,1.6,0.15
2020-12-01,16,6,Oscilações de Mercado / Custo de Insumos,23453185.612022832,98,1.52,0.16
2020-12-01,8,1,Oscilações de Mercado / Custo de Insumos,4867155.830403274,89,1.52,0.16
2021-01-01,16,6,Oscilações de Mercado / Custo de Insumos,7910575.497522629,179,1.67,0.15
2021-01-01,1,11,Oscilações de Mercado / Custo de Insumos,20273210.34457249,196,1.67,0.15
2021-01-01,5,7,Oscilações de Mercado / Custo de Insumos,4879187.665560148,214,1.67,0.15
2021-02-01,8,1,Oscilações de Mercado / Custo de Insumos,8610686.406781683,55,1.65,0.13
2021-03-01,4,9,Oscilações de Mercado / Custo de Insumos,6118657.641789425,123,1.72,0.2
2021-04-01,4,9,Oscilações de Mercado / Custo de Insumos,22034741.86347375,196,1.78,0.21
2021-04-01,13,13,Oscilações de Mercado / Custo de Insumos,7379661.031533461,89,1.78,0.21
2021-04-01,9,2,Oscilações de Mercado / Custo de Insumos,12189420.896817278,93,1.78,0.21
2021-05-01,12,12,Oscilações de Mercado / Custo de Insumos,18590918.313844223,158,1.81,0.27
2021-07-01,16,6,Oscilações de Mercado / Custo de Insumos,21330514.223629445,125,1.74,0.36
2021-07-01,1,11,Oscilações de Mercado / Custo de Insumos,1997400.3141127583,47,1.74,0.36
2021-09-01,8,5,Oscilações de Mercado / Custo de Insumos,21387365.760617778,111,1.68,0.44
2021-09-01,8,1,Oscilações de Mercado / Custo de Insumos,16930140.297740493,157,1.68,0.44
2021-10-01,6,8,Oscilações de Mercado / Custo de Insumos,16731109.743628493,210,1.68,0.49
2022-01-01,15,3,Oscilações de Mercado / Custo de Insumos,27239564.461281955,77,1.69,0.73
2022-01-01,7,1,Estiagem Severa (Quebra de Grãos / Soja),6566517.0189761035,146,1.69,0.73
2022-01-01,6,8,Estiagem Severa (Quebra de Grãos / Soja),25312676.737254765,216,1.69,0.73
2022-03-01,11,11,Estiagem Severa (Quebra de Grãos / Soja),3559995.4777916046,180,1.77,0.93
2022-03-01,9,4,Oscilações de Mercado / Custo de Insumos,8228146.673650609,129,1.77,0.93
2022-04-01,16,6,Oscilações de Mercado / Custo de Insumos,26797077.737338386,125,1.78,0.83
2022-05-01,10,11,Estiagem Severa (Quebra de Grãos / Soja),8341301.832110671,214,1.79,1.03
2022-05-01,11,11,Estiagem Severa (Quebra de Grãos / Soja),19351837.57121103,123,1.79,1.03
2022-05-01,2,11,Estiagem Severa (Quebra de Grãos / Soja),20952820.19220698,131,1.79,1.03
2022-08-01,4,9,Estiagem Severa (Quebra de Grãos / Soja),8951535.621235453,81,1.94,1.17
2022-09-01,15,3,Oscilações de Mercado / Custo de Insumos,44013736.6611,159,2,1.07
2022-09-01,16,8,Oscilações de Mercado / Custo de Insumos,24545813.06615053,161,2,1.07
2022-10-01,16,6,Oscilações de Mercado / Custo de Insumos,26219136.364362456,93,2.17,1.02
2022-10-01,3,1,Oscilações de Mercado / Custo de Insumos,27741887.36606695,64,2.17,1.02
2022-10-01,14,1,Oscilações de Mercado / Custo de Insumos,10278587.741717981,47,2.17,1.02
2023-01-01,15,3,Oscilações de Mercado / Custo de Insumos,42330666.306030974,322,2.38,1.12
2023-02-01,10,11,Estiagem Severa (Quebra de Grãos / Soja),21300111.518587835,114,2.46,0.92
2023-03-01,5,7,Oscilações de Mercado / Custo de Insumos,17335312.307595097,98,2.54,1.17
2023-03-01,9,2,Oscilações de Mercado / Custo de Insumos,10319979.682687005,19,2.54,1.17
2023-04-01,15,11,Oscilações de Mercado / Custo de Insumos,3725614.7800463317,24,2.9,0.92
2023-05-01,16,6,Oscilações de Mercado / Custo de Insumos,14607780.402731309,185,3.1,1.12
2023-05-01,9,4,Oscilações de Mercado / Custo de Insumos,26450934.336057298,161,3.1,1.12
2023-07-01,1,11,Estiagem Severa (Quebra de Grãos / Soja),18763837.510850597,94,3.34,1.07
2023-07-01,8,5,Oscilações de Mercado / Custo de Insumos,19356516.106806673,66,3.34,1.07
2023-08-01,3,1,Oscilações de Mercado / Custo de Insumos,1867701.1889385385,137,3.5,1.14
2023-09-01,7,1,Estiagem Severa (Quebra de Grãos / Soja),2419330.954414014,164,3.52,0.97
2023-09-01,11,11,Estiagem Severa (Quebra de Grãos / Soja),16123472.213108635,213,3.52,0.97
2023-10-01,16,8,Oscilações de Mercado / Custo de Insumos,3571449.1661160304,74,3.67,1
2023-10-01,8,1,Oscilações de Mercado / Custo de Insumos,9682351.438855283,159,3.67,1
2023-10-01,9,2,Oscilações de Mercado / Custo de Insumos,22640788.972690906,150,3.67,1
2023-12-01,14,1,Oscilações de Mercado / Custo de Insumos,27104540.622214362,26,3.31,0.89
2024-01-01,16,6,Oscilações de Mercado / Custo de Insumos,14496561.579894254,144,3.57,0.97
2024-01-01,4,9,Oscilações de Mercado / Custo de Insumos,6271416.674009958,97,3.57,0.97
2024-01-01,12,12,Oscilações de Mercado / Custo de Insumos,19934627.152386256,21,3.57,0.97
2024-01-01,9,4,Oscilações de Mercado / Custo de Insumos,12703234.75230975,197,3.57,0.97
2024-02-01,4,9,Oscilações de Mercado / Custo de Insumos,23922155.56777794,163,3.56,0.8
2024-05-01,3,10,Enchentes Históricas / Calamidade Hídrica,13165573.42107502,142,3.54,0.83
2024-07-01,7,1,Oscilações de Mercado / Custo de Insumos,22364300.80032045,90,3.2,0.91
2024-08-01,7,1,Oscilações de Mercado / Custo de Insumos,24665532.56269657,168,3.22,0.87
2024-08-01,13,13,Enchentes Históricas / Calamidade Hídrica,5963393.992937064,55,3.22,0.87
2024-12-01,9,2,Oscilações de Mercado / Custo de Insumos,4701609.267356703,192,2.77,0.93
2025-03-01,16,8,Oscilações de Mercado / Custo de Insumos,15966300.08809665,195,3.2,0.96
2025-03-01,8,1,Oscilações de Mercado / Custo de Insumos,3467391.8233100297,163,3.2,0.96
2025-05-01,13,13,Oscilações de Mercado / Custo de Insumos,10844846.341404332,35,3.48,1.14
2025-05-01,3,10,Oscilações de Mercado / Custo de Insumos,16859224.32172768,181,3.48,1.14
2025-06-01,4,9,Oscilações de Mercado / Custo de Insumos,17619440.867273957,191,3.51,1.1
2025-07-01,7,1,Oscilações de Mercado / Custo de Insumos,5022686.332242136,115,3.71,1.28
2025-07-01,4,9,Oscilações de Mercado / Custo de Insumos,7460545.763306204,63,3.71,1.28
2025-07-01,11,11,Oscilações de Mercado / Custo de Insumos,20904345.37379554,167,3.71,1.28
2025-08-01,15,11,Oscilações de Mercado / Custo de Insumos,10861989.471331865,79,3.78,1.16
2025-10-01,15,3,Atraso de Transplante e Perda de Estufas,36194540.67518143,262,3.72,1.28
2025-10-01,10,11,Oscilações de Mercado / Custo de Insumos,7767043.085904092,132,3.72,1.28
2025-10-01,3,1,Oscilações de Mercado / Custo de Insumos,27203722.443420097,26,3.72,1.28
2025-12-01,4,9,Oscilações de Mercado / Custo de Insumos,14575848.613280924,37,3.49,1.22
2025-12-01,3,1,Oscilações de Mercado / Custo de Insumos,16918465.408902064,202,3.49,1.22
2025-12-01,13,13,Oscilações de Mercado / Custo de Insumos,15491506.902622724,97,3.49,1.22
2025-12-01,9,2,Oscilações de Mercado / Custo de Insumos,7888469.264068454,173,3.49,1.22
2026-01-01,16,6,Oscilações de Mercado / Custo de Insumos,2682132.469203465,195,3.76,1.16
2026-01-01,3,10,Oscilações de Mercado / Custo de Insumos,15428451.17854168,44,3.76,1.16
2026-02-01,3,1,Oscilações de Mercado / Custo de Insumos,25640510.36898507,97,4.01,1
2026-02-01,2,11,Oscilações de Mercado / Custo de Insumos,26331614.23399191,126,4.01,1
2026-03-01,10,11,Oscilações de Mercado / Custo de Insumos,11890147.1414455,62,3.92,1.21
2026-04-01,15,11,Oscilações de Mercado / Custo de Insumos,8810928.130272854,67,4.01,1.09
2026-04-01,16,6,Oscilações de Mercado / Custo de Insumos,11732264.075204728,27,4.01,1.09
2026-04-01,5,7,Oscilações de Mercado / Custo de Insumos,5089415.626781519,218,4.01,1.09
2026-05-01,16,6,Oscilações de Mercado / Custo de Insumos,24836484.00897528,149,4.11,1.07
2026-05-01,6,8,Oscilações de Mercado / Custo de Insumos,20405548.313109323,209,4.11,1.07
2026-05-01,12,12,Oscilações de Mercado / Custo de Insumos,8261015.236424245,171,4.11,1.07
2026-05-01,5,7,Oscilações de Mercado / Custo de Insumos,18688288.7782494,192,4.11,1.07
2026-06-01,15,11,Oscilações de Mercado / Custo de Insumos,19462213.74304485,109,3.98,1.12
2026-06-01,14,1,Oscilações de Mercado / Custo de Insumos,13815266.120062608,155,3.98,1.12
2026-07-01,3,10,Oscilações de Mercado / Custo de Insumos,18584117.80898085,108,4.19,1.22
2026-08-01,11,11,Oscilações de Mercado / Custo de Insumos,26816991.217607863,169,3.2,0.85
2026-08-01,1,11,Oscilações de Mercado / Custo de Insumos,12082404.479212377,81,3.2,0.85
2026-10-01,13,13,Oscilações de Mercado / Custo de Insumos,21237683.766318336,178,3.2,0.85
2026-10-01,9,2,Oscilações de Mercado / Custo de Insumos,27988050.67044027,137,3.2,0.85
2026-11-01,16,8,Oscilações de Mercado / Custo de Insumos,21550338.154913526,45,3.2,0.85
2026-11-01,5,7,Oscilações de Mercado / Custo de Insumos,4997198.951232435,15,3.2,0.85
2020-01-01,5,7,Oscilações de Mercado / Custo de Insumos,7031453.092549025,204,2.41,0.38
2020-04-01,16,8,Oscilações de Mercado / Custo de Insumos,22972753.944587726,184,2.48,0.28
2020-04-01,9,2,Oscilações de Mercado / Custo de Insumos,14827910.8543805,53,2.48,0.28
2020-05-01,3,10,Oscilações de Mercado / Custo de Insumos,15216838.127441162,104,2.49,0.24
2020-05-01,8,5,Oscilações de Mercado / Custo de Insumos,12216386.952493085,175,2.49,0.24
2020-07-01,16,6,Oscilações de Mercado / Custo de Insumos,8362099.647466305,133,1.94,0.19
2020-07-01,7,1,Oscilações de Mercado / Custo de Insumos,14552644.407537723,123,1.94,0.19
2020-08-01,12,12,Oscilações de Mercado / Custo de Insumos,9492106.319729727,53,1.74,0.16
2020-09-01,16,6,Oscilações de Mercado / Custo de Insumos,10358262.53505627,202,1.66,0.16
2020-09-01,3,1,Oscilações de Mercado / Custo de Insumos,2875968.939318346,172,1.66,0.16
2020-11-01,1,11,Oscilações de Mercado / Custo de Insumos,8630196.639780661,176,1.6,0.15
2020-11-01,9,2,Oscilações de Mercado / Custo de Insumos,10729052.754629068,110,1.6,0.15
2020-11-01,9,4,Oscilações de Mercado / Custo de Insumos,16520907.334166868,204,1.6,0.15
2021-02-01,9,4,Oscilações de Mercado / Custo de Insumos,9129803.887826378,159,1.65,0.13
2021-03-01,7,1,Oscilações de Mercado / Custo de Insumos,24490873.9049107,44,1.72,0.2
2021-04-01,10,11,Oscilações de Mercado / Custo de Insumos,4775208.915630281,109,1.78,0.21
2021-06-01,8,5,Oscilações de Mercado / Custo de Insumos,16575885.410893513,216,1.71,0.31
2021-06-01,8,1,Oscilações de Mercado / Custo de Insumos,7339937.78330947,31,1.71,0.31
2021-07-01,14,1,Oscilações de Mercado / Custo de Insumos,15542198.406740673,145,1.74,0.36
2021-08-01,14,1,Oscilações de Mercado / Custo de Insumos,23018710.481391434,182,1.72,0.43
2021-09-01,12,12,Oscilações de Mercado / Custo de Insumos,6103763.905792015,49,1.68,0.44
2021-09-01,3,1,Oscilações de Mercado / Custo de Insumos,15504314.128950926,92,1.68,0.44
2021-10-01,15,11,Oscilações de Mercado / Custo de Insumos,10519773.590907088,148,1.68,0.49
2021-10-01,2,11,Oscilações de Mercado / Custo de Insumos,23977050.043444376,61,1.68,0.49
2021-11-01,10,11,Oscilações de Mercado / Custo de Insumos,20823704.3548349,125,1.73,0.59
2021-11-01,11,11,Oscilações de Mercado / Custo de Insumos,25969483.786845148,147,1.73,0.59
2021-11-01,6,8,Oscilações de Mercado / Custo de Insumos,18865820.927892048,86,1.73,0.59
2021-12-01,15,11,Oscilações de Mercado / Custo de Insumos,24424175.284059472,39,1.63,0.77
2021-12-01,8,5,Oscilações de Mercado / Custo de Insumos,12209734.624989064,155,1.63,0.77
2022-01-01,13,13,Oscilações de Mercado / Custo de Insumos,7615670.642643276,71,1.69,0.73
2022-02-01,15,3,Oscilações de Mercado / Custo de Insumos,17702552.913979612,337,1.61,0.76
2022-04-01,7,1,Estiagem Severa (Quebra de Grãos / Soja),8871674.026675507,47,1.78,0.83
2022-05-01,7,1,Estiagem Severa (Quebra de Grãos / Soja),18742620.88086968,103,1.79,1.03
2022-07-01,1,11,Estiagem Severa (Quebra de Grãos / Soja),7869798.576246217,18,1.86,1.03
2022-07-01,14,1,Oscilações de Mercado / Custo de Insumos,3315478.1259609847,19,1.86,1.03
2022-11-01,10,11,Estiagem Severa (Quebra de Grãos / Soja),5240980.3119257055,36,2.21,1.02
2022-11-01,7,1,Estiagem Severa (Quebra de Grãos / Soja),26712625.33096075,209,2.21,1.02
2022-12-01,10,11,Estiagem Severa (Quebra de Grãos / Soja),5079867.755706822,213,2.18,1.12
2023-01-01,5,7,Oscilações de Mercado / Custo de Insumos,18182982.097605433,192,2.38,1.12
2023-02-01,11,11,Estiagem Severa (Quebra de Grãos / Soja),2346561.8494382985,96,2.46,0.92
2023-05-01,15,3,Oscilações de Mercado / Custo de Insumos,29905059.724381354,91,3.1,1.12
2023-06-01,9,2,Oscilações de Mercado / Custo de Insumos,17610353.146592103,25,3.15,1.07
2023-07-01,13,13,Oscilações de Mercado / Custo de Insumos,6965438.116209386,29,3.34,1.07
2023-09-01,3,10,Oscilações de Mercado / Custo de Insumos,19941827.164698485,183,3.52,0.97
2023-10-01,8,5,Oscilações de Mercado / Custo de Insumos,21611479.217055447,69,3.67,1
2023-12-01,2,11,Estiagem Severa (Quebra de Grãos / Soja),11429401.864038123,155,3.31,0.89
2024-02-01,15,3,Atraso de Transplante e Perda de Estufas,19355121.272999357,256,3.56,0.8
2024-02-01,10,11,Oscilações de Mercado / Custo de Insumos,2916990.0833202577,187,3.56,0.8
2024-03-01,16,8,Oscilações de Mercado / Custo de Insumos,13413754.891022798,207,3.45,0.83
2024-04-01,4,9,Oscilações de Mercado / Custo de Insumos,10662608.657055859,24,3.54,0.89
2024-04-01,1,11,Oscilações de Mercado / Custo de Insumos,26508586.94891134,128,3.54,0.89
2024-06-01,16,6,Enchentes Históricas / Calamidade Hídrica,23807056.28339318,104,3.36,0.79
2024-06-01,2,11,Oscilações de Mercado / Custo de Insumos,12057973.292259129,168,3.36,0.79
2024-06-01,8,5,Enchentes Históricas / Calamidade Hídrica,17210899.394047834,31,3.36,0.79
2024-07-01,3,1,Enchentes Históricas / Calamidade Hídrica,17473502.704469956,127,3.2,0.91
2024-08-01,16,8,Enchentes Históricas / Calamidade Hídrica,26155963.379342925,95,3.22,0.87
2024-08-01,16,6,Enchentes Históricas / Calamidade Hídrica,26445796.222021922,65,3.22,0.87
2024-08-01,1,11,Oscilações de Mercado / Custo de Insumos,20872009.84271265,140,3.22,0.87
2024-09-01,16,8,Oscilações de Mercado / Custo de Insumos,24150948.13317564,59,3.19,0.84
2024-09-01,14,1,Oscilações de Mercado / Custo de Insumos,9887907.076377716,161,3.19,0.84
2024-10-01,10,11,Oscilações de Mercado / Custo de Insumos,16040701.294377327,191,3.14,0.93
2024-11-01,3,10,Oscilações de Mercado / Custo de Insumos,9983546.469400454,99,3.09,0.79
2025-01-01,13,13,Oscilações de Mercado / Custo de Insumos,19515852.12637637,139,3.12,1.01
2025-02-01,11,11,Oscilações de Mercado / Custo de Insumos,13512855.247728346,112,3.26,0.99
2025-02-01,6,8,Oscilações de Mercado / Custo de Insumos,7740336.032595979,52,3.26,0.99
2025-03-01,10,11,Oscilações de Mercado / Custo de Insumos,2124985.7504656473,23,3.2,0.96
2025-05-01,10,11,Oscilações de Mercado / Custo de Insumos,2000797.6554097035,63,3.48,1.14
2025-06-01,8,1,Oscilações de Mercado / Custo de Insumos,25728118.0264974,65,3.51,1.1
2025-07-01,5,7,Oscilações de Mercado / Custo de Insumos,25815843.17903963,186,3.71,1.28
2025-08-01,8,5,Oscilações de Mercado / Custo de Insumos,2411824.9237984708,65,3.78,1.16
2025-08-01,9,2,Oscilações de Mercado / Custo de Insumos,5207251.901791833,44,3.78,1.16
2025-09-01,16,6,Oscilações de Mercado / Custo de Insumos,17700186.349315565,91,3.65,1.22
2025-09-01,11,11,Oscilações de Mercado / Custo de Insumos,14320415.338182751,179,3.65,1.22
2025-11-01,12,12,Oscilações de Mercado / Custo de Insumos,26071224.296328273,203,3.57,1.05
2026-01-01,13,13,Oscilações de Mercado / Custo de Insumos,9397217.116322557,166,3.76,1.16
2026-03-01,8,5,Oscilações de Mercado / Custo de Insumos,10069436.406599771,17,3.92,1.21
2026-04-01,1,11,Oscilações de Mercado / Custo de Insumos,24794351.914850473,185,4.01,1.09
2026-04-01,3,10,Oscilações de Mercado / Custo de Insumos,5245778.593209101,118,4.01,1.09
2026-04-01,9,2,Oscilações de Mercado / Custo de Insumos,2259871.9202056774,149,4.01,1.09
2026-05-01,11,11,Oscilações de Mercado / Custo de Insumos,9736392.095429648,73,4.11,1.07
2026-05-01,1,11,Oscilações de Mercado / Custo de Insumos,14203103.09516671,170,4.11,1.07
2026-07-01,12,12,Oscilações de Mercado / Custo de Insumos,11102075.679041307,73,4.19,1.22
2026-11-01,15,3,Atraso de Transplante e Perda de Estufas,17821272.24453772,199,3.2,0.85
2026-11-01,15,11,Oscilações de Mercado / Custo de Insumos,3855542.3875086475,30,3.2,0.85
2026-11-01,10,11,Oscilações de Mercado / Custo de Insumos,8843784.652264494,23,3.2,0.85
2026-11-01,6,8,Oscilações de Mercado / Custo de Insumos,21685938.402074594,137,3.2,0.85
2026-12-01,16,6,Oscilações de Mercado / Custo de Insumos,14441511.01016645,209,3.2,0.85
2026-12-01,2,11,Oscilações de Mercado / Custo de Insumos,15798412.459614307,135,3.2,0.85
2026-12-01,3,10,Oscilações de Mercado / Custo de Insumos,9891461.908992331,207,3.2,0.85
2026-12-01,5,7,Oscilações de Mercado / Custo de Insumos,24401180.34410849,94,3.2,0.85
2020-01-01,9,4,Oscilações de Mercado / Custo de Insumos,27099559.266553454,103,2.41,0.38
2020-05-01,16,8,Oscilações de Mercado / Custo de Insumos,8076521.535474678,143,2.49,0.24
2020-05-01,3,1,Oscilações de Mercado / Custo de Insumos,15114807.950606829,138,2.49,0.24
2020-06-01,12,12,Oscilações de Mercado / Custo de Insumos,22232739.301469747,68,2.06,0.21
2020-07-01,8,5,Oscilações de Mercado / Custo de Insumos,27126356.258944143,60,1.94,0.19
2020-08-01,15,3,Oscilações de Mercado / Custo de Insumos,18381626.393583797,120,1.74,0.16
2020-10-01,15,3,Oscilações de Mercado / Custo de Insumos,39655588.77612491,334,1.59,0.16
2020-10-01,7,1,Oscilações de Mercado / Custo de Insumos,10757247.267969722,199,1.59,0.16
2020-10-01,13,13,Oscilações de Mercado / Custo de Insumos,2986965.056027566,114,1.59,0.16
2020-10-01,8,1,Oscilações de Mercado / Custo de Insumos,2494596.3361904914,16,1.59,0.16
2020-10-01,9,2,Oscilações de Mercado / Custo de Insumos,18473774.253085494,142,1.59,0.16
2020-11-01,12,12,Oscilações de Mercado / Custo de Insumos,19658278.12708709,168,1.6,0.15
2020-11-01,8,5,Oscilações de Mercado / Custo de Insumos,20969171.188850574,191,1.6,0.15
2020-12-01,1,11,Oscilações de Mercado / Custo de Insumos,3982051.5733158025,125,1.52,0.16
2021-01-01,15,11,Oscilações de Mercado / Custo de Insumos,25167699.009951547,192,1.67,0.15
2021-01-01,2,11,Oscilações de Mercado / Custo de Insumos,13182638.32559271,53,1.67,0.15
2021-02-01,14,1,Oscilações de Mercado / Custo de Insumos,7810142.337469681,200,1.65,0.13
2021-03-01,10,11,Oscilações de Mercado / Custo de Insumos,3968008.6049250206,208,1.72,0.2
2021-03-01,14,1,Oscilações de Mercado / Custo de Insumos,27992603.040096622,211,1.72,0.2
2021-04-01,9,4,Oscilações de Mercado / Custo de Insumos,24393929.169164725,120,1.78,0.21
2021-05-01,15,3,Oscilações de Mercado / Custo de Insumos,48744156.30188674,299,1.81,0.27
2021-05-01,6,8,Oscilações de Mercado / Custo de Insumos,12287872.809449371,109,1.81,0.27
2021-05-01,3,1,Oscilações de Mercado / Custo de Insumos,25295856.33953751,39,1.81,0.27
2021-06-01,15,11,Oscilações de Mercado / Custo de Insumos,19819959.587917376,135,1.71,0.31
2021-07-01,2,11,Oscilações de Mercado / Custo de Insumos,6009851.979400358,126,1.74,0.36
2021-08-01,7,1,Oscilações de Mercado / Custo de Insumos,27161444.542410936,84,1.72,0.43
2021-08-01,1,11,Oscilações de Mercado / Custo de Insumos,15059923.656614892,51,1.72,0.43
2021-09-01,16,8,Oscilações de Mercado / Custo de Insumos,27762352.283183634,134,1.68,0.44
2021-09-01,11,11,Oscilações de Mercado / Custo de Insumos,22636003.57072912,25,1.68,0.44
2021-09-01,5,7,Oscilações de Mercado / Custo de Insumos,11675944.050932579,118,1.68,0.44
2021-11-01,7,1,Oscilações de Mercado / Custo de Insumos,26221499.001070645,185,1.73,0.59
2022-01-01,16,8,Oscilações de Mercado / Custo de Insumos,15802744.35093987,208,1.69,0.73
2022-01-01,12,12,Estiagem Severa (Quebra de Grãos / Soja),12508835.282770125,176,1.69,0.73
2022-02-01,12,12,Estiagem Severa (Quebra de Grãos / Soja),8596893.955899864,25,1.61,0.76
2022-04-01,15,11,Oscilações de Mercado / Custo de Insumos,20704160.961393926,127,1.78,0.83
2022-04-01,3,1,Oscilações de Mercado / Custo de Insumos,12615191.025896909,31,1.78,0.83
2022-04-01,9,4,Oscilações de Mercado / Custo de Insumos,13485351.25149844,71,1.78,0.83
2022-05-01,16,8,Oscilações de Mercado / Custo de Insumos,19060124.207820795,95,1.79,1.03
2022-06-01,12,12,Estiagem Severa (Quebra de Grãos / Soja),15658152.911512954,27,1.76,1.02
2022-07-01,16,8,Oscilações de Mercado / Custo de Insumos,19606758.80655843,135,1.86,1.03
2022-08-01,9,2,Oscilações de Mercado / Custo de Insumos,17321083.95807936,76,1.94,1.17
2022-09-01,11,11,Estiagem Severa (Quebra de Grãos / Soja),18007618.109237827,114,2,1.07
2022-09-01,6,8,Estiagem Severa (Quebra de Grãos / Soja),6757604.342367155,180,2,1.07
2022-09-01,13,13,Oscilações de Mercado / Custo de Insumos,21279916.314840123,195,2,1.07
2022-11-01,15,3,Oscilações de Mercado / Custo de Insumos,29234371.358188283,166,2.21,1.02
2022-12-01,12,12,Estiagem Severa (Quebra de Grãos / Soja),9931483.323797632,86,2.18,1.12
2022-12-01,2,11,Estiagem Severa (Quebra de Grãos / Soja),12163281.197655179,78,2.18,1.12
2023-04-01,16,8,Oscilações de Mercado / Custo de Insumos,10469301.310316304,28,2.9,0.92
2023-05-01,9,2,Oscilações de Mercado / Custo de Insumos,19524650.70736386,210,3.1,1.12
2023-10-01,3,10,Oscilações de Mercado / Custo de Insumos,21576750.88245021,45,3.67,1
2023-11-01,16,6,Oscilações de Mercado / Custo de Insumos,4234743.582740016,163,3.75,0.92
2023-11-01,7,1,Estiagem Severa (Quebra de Grãos / Soja),5146093.271243152,46,3.75,0.92
2023-11-01,1,11,Estiagem Severa (Quebra de Grãos / Soja),26348294.963413846,16,3.75,0.92
2023-11-01,3,10,Oscilações de Mercado / Custo de Insumos,6038222.337425272,69,3.75,0.92
2023-12-01,1,11,Estiagem Severa (Quebra de Grãos / Soja),10119323.93437051,139,3.31,0.89
2024-01-01,3,1,Oscilações de Mercado / Custo de Insumos,7797038.646981277,117,3.57,0.97
2024-02-01,9,4,Oscilações de Mercado / Custo de Insumos,7746474.992372541,214,3.56,0.8
2024-03-01,1,11,Oscilações de Mercado / Custo de Insumos,22336678.131313056,149,3.45,0.83
2024-05-01,16,6,Enchentes Históricas / Calamidade Hídrica,6118148.172111252,27,3.54,0.83
2024-05-01,6,8,Oscilações de Mercado / Custo de Insumos,12631510.97153585,219,3.54,0.83
2024-06-01,14,1,Enchentes Históricas / Calamidade Hídrica,11957048.182460329,71,3.36,0.79
2024-07-01,4,9,Oscilações de Mercado / Custo de Insumos,22461712.074417047,131,3.2,0.91
2024-08-01,15,3,Enchentes Históricas / Calamidade Hídrica,19634579.588003926,144,3.22,0.87
2024-09-01,1,11,Oscilações de Mercado / Custo de Insumos,3169156.437293823,163,3.19,0.84
2024-09-01,3,1,Oscilações de Mercado / Custo de Insumos,8616134.12320574,134,3.19,0.84
2024-09-01,8,5,Oscilações de Mercado / Custo de Insumos,17743414.544647425,99,3.19,0.84
2024-10-01,1,11,Oscilações de Mercado / Custo de Insumos,12588257.189514123,158,3.14,0.93
2024-10-01,3,10,Oscilações de Mercado / Custo de Insumos,13832084.793040302,73,3.14,0.93
2024-12-01,13,13,Oscilações de Mercado / Custo de Insumos,19795758.139085762,41,2.77,0.93
2025-01-01,16,8,Oscilações de Mercado / Custo de Insumos,6352553.740156488,44,3.12,1.01
2025-01-01,10,11,Oscilações de Mercado / Custo de Insumos,20639829.120671015,204,3.12,1.01
2025-01-01,6,8,Oscilações de Mercado / Custo de Insumos,13210242.905231776,199,3.12,1.01
2025-01-01,1,11,Oscilações de Mercado / Custo de Insumos,22922332.08229932,83,3.12,1.01
2025-03-01,1,11,Oscilações de Mercado / Custo de Insumos,19296482.70053185,16,3.2,0.96
2025-03-01,13,13,Oscilações de Mercado / Custo de Insumos,15720492.838883149,197,3.2,0.96
2025-04-01,15,11,Oscilações de Mercado / Custo de Insumos,2458719.306864545,79,3.48,1.06
2025-05-01,1,11,Oscilações de Mercado / Custo de Insumos,9078938.306881443,140,3.48,1.14
2025-06-01,1,11,Oscilações de Mercado / Custo de Insumos,17423623.79414165,161,3.51,1.1
2025-07-01,12,12,Oscilações de Mercado / Custo de Insumos,24118240.406097427,196,3.71,1.28
2025-07-01,8,5,Oscilações de Mercado / Custo de Insumos,17053607.160765782,89,3.71,1.28
2025-08-01,16,8,Oscilações de Mercado / Custo de Insumos,10701943.271359289,162,3.78,1.16
2025-08-01,11,11,Oscilações de Mercado / Custo de Insumos,15714436.035993362,83,3.78,1.16
2025-09-01,3,10,Oscilações de Mercado / Custo de Insumos,27120135.509699874,35,3.65,1.22
2025-10-01,3,10,Oscilações de Mercado / Custo de Insumos,24424945.08988108,66,3.72,1.28
2025-11-01,16,6,Oscilações de Mercado / Custo de Insumos,3358155.1043227566,87,3.57,1.05
2025-11-01,1,11,Oscilações de Mercado / Custo de Insumos,14293298.869926808,128,3.57,1.05
2025-12-01,10,11,Oscilações de Mercado / Custo de Insumos,23963141.71955658,15,3.49,1.22
2025-12-01,9,4,Oscilações de Mercado / Custo de Insumos,12314217.834556459,53,3.49,1.22
2026-01-01,12,12,Oscilações de Mercado / Custo de Insumos,16332022.518519504,214,3.76,1.16
2026-02-01,15,3,Atraso de Transplante e Perda de Estufas,7519524.2176766945,200,4.01,1
2026-02-01,6,8,Oscilações de Mercado / Custo de Insumos,24503557.121826075,169,4.01,1
2026-03-01,15,3,Atraso de Transplante e Perda de Estufas,29053523.568011057,318,3.92,1.21
2026-05-01,16,8,Oscilações de Mercado / Custo de Insumos,18737219.030913778,131,4.11,1.07
2026-05-01,10,11,Oscilações de Mercado / Custo de Insumos,2418188.073712863,65,4.11,1.07
2026-06-01,12,12,Oscilações de Mercado / Custo de Insumos,12689825.29117073,68,3.98,1.12
2026-07-01,5,7,Oscilações de Mercado / Custo de Insumos,22271339.624097444,53,4.19,1.22
2026-07-01,8,1,Oscilações de Mercado / Custo de Insumos,2117101.6595340148,58,4.19,1.22
2026-07-01,9,4,Oscilações de Mercado / Custo de Insumos,7791331.62561455,170,4.19,1.22
2026-08-01,7,1,Oscilações de Mercado / Custo de Insumos,1811600.8736548466,155,3.2,0.85
2026-08-01,3,1,Oscilações de Mercado / Custo de Insumos,2654590.2465490424,131,3.2,0.85
2026-08-01,8,1,Oscilações de Mercado / Custo de Insumos,6819735.178252435,15,3.2,0.85
2026-09-01,15,11,Oscilações de Mercado / Custo de Insumos,5682261.7196245715,159,3.2,0.85
2026-09-01,3,10,Oscilações de Mercado / Custo de Insumos,17357624.997211926,161,3.2,0.85
2026-10-01,3,10,Oscilações de Mercado / Custo de Insumos,21687606.208569445,211,3.2,0.85
2026-10-01,5,7,Oscilações de Mercado / Custo de Insumos,9736789.727779247,72,3.2,0.85
2026-12-01,4,9,Oscilações de Mercado / Custo de Insumos,2460067.4457318094,127,3.2,0.85
2020-02-01,16,6,Oscilações de Mercado / Custo de Insumos,6342153.921903629,189,2.38,0.29
2020-04-01,3,1,Oscilações de Mercado / Custo de Insumos,1982145.8199171964,17,2.48,0.28
2020-04-01,13,13,Oscilações de Mercado / Custo de Insumos,7619224.634333133,76,2.48,0.28
2020-05-01,8,1,Oscilações de Mercado / Custo de Insumos,26342325.704902444,53,2.49,0.24
2020-06-01,7,1,Oscilações de Mercado / Custo de Insumos,18387258.18055962,174,2.06,0.21
2020-07-01,3,10,Oscilações de Mercado / Custo de Insumos,24947543.383375984,131,1.94,0.19
2020-08-01,15,11,Oscilações de Mercado / Custo de Insumos,20035980.672884293,68,1.74,0.16
2020-08-01,16,6,Oscilações de Mercado / Custo de Insumos,17913189.33951825,128,1.74,0.16
2020-08-01,10,11,Oscilações de Mercado / Custo de Insumos,11196545.669959495,100,1.74,0.16
2020-08-01,4,9,Oscilações de Mercado / Custo de Insumos,10250830.023051333,144,1.74,0.16
2020-09-01,11,11,Oscilações de Mercado / Custo de Insumos,12577472.312484978,130,1.66,0.16
2020-11-01,7,1,Oscilações de Mercado / Custo de Insumos,7422234.936359402,155,1.6,0.15
2021-01-01,16,8,Oscilações de Mercado / Custo de Insumos,3931338.052817774,208,1.67,0.15
2021-01-01,4,9,Oscilações de Mercado / Custo de Insumos,26617912.7274571,159,1.67,0.15
2021-01-01,14,1,Oscilações de Mercado / Custo de Insumos,21298345.411914404,119,1.67,0.15
2021-04-01,16,6,Oscilações de Mercado / Custo de Insumos,3028687.4561299616,46,1.78,0.21
2021-04-01,7,1,Oscilações de Mercado / Custo de Insumos,14851927.890122395,168,1.78,0.21
2021-06-01,11,11,Oscilações de Mercado / Custo de Insumos,11506369.093134208,61,1.71,0.31
2021-06-01,5,7,Oscilações de Mercado / Custo de Insumos,8152727.195229917,129,1.71,0.31
2021-07-01,15,3,Oscilações de Mercado / Custo de Insumos,38391639.17722492,120,1.74,0.36
2021-07-01,10,11,Oscilações de Mercado / Custo de Insumos,16588813.8140932,127,1.74,0.36
2021-08-01,4,9,Oscilações de Mercado / Custo de Insumos,12946434.69175012,82,1.72,0.43
2021-09-01,16,6,Oscilações de Mercado / Custo de Insumos,6548306.333540296,176,1.68,0.44
2021-10-01,16,8,Oscilações de Mercado / Custo de Insumos,10574527.104015656,193,1.68,0.49
2021-10-01,1,11,Oscilações de Mercado / Custo de Insumos,10762541.816356776,88,1.68,0.49
2021-11-01,5,7,Oscilações de Mercado / Custo de Insumos,6681607.042745962,124,1.73,0.59
2021-12-01,14,1,Oscilações de Mercado / Custo de Insumos,9649412.8882817,63,1.63,0.77
2022-02-01,8,1,Oscilações de Mercado / Custo de Insumos,6571207.037125481,142,1.61,0.76
2022-03-01,15,11,Oscilações de Mercado / Custo de Insumos,23675172.204141635,36,1.77,0.93
2022-03-01,6,8,Estiagem Severa (Quebra de Grãos / Soja),18867214.174818844,179,1.77,0.93
2022-03-01,14,1,Oscilações de Mercado / Custo de Insumos,15395643.878410343,204,1.77,0.93
2022-04-01,1,11,Estiagem Severa (Quebra de Grãos / Soja),3768609.8814781895,87,1.78,0.83
2022-04-01,13,13,Oscilações de Mercado / Custo de Insumos,13843655.634341635,56,1.78,0.83
2022-04-01,3,10,Oscilações de Mercado / Custo de Insumos,23260480.72306403,49,1.78,0.83
2022-04-01,14,1,Oscilações de Mercado / Custo de Insumos,17264043.47197008,116,1.78,0.83
2022-05-01,6,8,Estiagem Severa (Quebra de Grãos / Soja),20286069.51991104,46,1.79,1.03
2022-05-01,3,1,Oscilações de Mercado / Custo de Insumos,2689384.6389479297,149,1.79,1.03
2022-05-01,9,4,Oscilações de Mercado / Custo de Insumos,4958852.407364705,122,1.79,1.03
2022-06-01,15,3,Oscilações de Mercado / Custo de Insumos,35691680.991633296,297,1.76,1.02
2022-06-01,5,7,Oscilações de Mercado / Custo de Insumos,21928763.443250377,135,1.76,1.02
2022-07-01,15,11,Oscilações de Mercado / Custo de Insumos,4668051.085392817,87,1.86,1.03
2022-07-01,16,6,Oscilações de Mercado / Custo de Insumos,26858091.276056934,154,1.86,1.03
2022-08-01,13,13,Oscilações de Mercado / Custo de Insumos,20027714.472663455,86,1.94,1.17
2022-09-01,15,11,Oscilações de Mercado / Custo de Insumos,24820105.64250514,47,2,1.07
2022-09-01,14,1,Oscilações de Mercado / Custo de Insumos,1967309.8389810398,26,2,1.07
2022-09-01,9,4,Oscilações de Mercado / Custo de Insumos,2037697.001901394,202,2,1.07
2022-10-01,1,11,Estiagem Severa (Quebra de Grãos / Soja),2998441.2858878365,134,2.17,1.02
2022-10-01,13,13,Oscilações de Mercado / Custo de Insumos,18766429.457129978,178,2.17,1.02
2022-10-01,9,4,Oscilações de Mercado / Custo de Insumos,26540755.235895142,43,2.17,1.02
2022-11-01,11,11,Estiagem Severa (Quebra de Grãos / Soja),25629542.18683284,35,2.21,1.02
2022-12-01,3,10,Oscilações de Mercado / Custo de Insumos,20008525.416515414,25,2.18,1.12
2023-02-01,9,4,Oscilações de Mercado / Custo de Insumos,16961295.704596706,193,2.46,0.92
2023-03-01,13,13,Oscilações de Mercado / Custo de Insumos,4351706.884903067,76,2.54,1.17
2023-04-01,11,11,Estiagem Severa (Quebra de Grãos / Soja),6176497.987004886,71,2.9,0.92
2023-05-01,3,1,Oscilações de Mercado / Custo de Insumos,24545327.064690642,116,3.1,1.12
2023-06-01,15,3,Oscilações de Mercado / Custo de Insumos,29041500.62998675,239,3.15,1.07
2023-06-01,16,6,Oscilações de Mercado / Custo de Insumos,24500693.08922431,87,3.15,1.07
2023-06-01,3,1,Oscilações de Mercado / Custo de Insumos,13212282.848098844,37,3.15,1.07
2023-08-01,6,8,Estiagem Severa (Quebra de Grãos / Soja),22917004.80410914,132,3.5,1.14
2023-08-01,1,11,Estiagem Severa (Quebra de Grãos / Soja),18388566.040563386,187,3.5,1.14
2023-08-01,5,7,Oscilações de Mercado / Custo de Insumos,11252240.000697715,136,3.5,1.14
2023-08-01,8,5,Oscilações de Mercado / Custo de Insumos,8006008.64513143,63,3.5,1.14
2023-10-01,15,11,Oscilações de Mercado / Custo de Insumos,13391140.335793542,210,3.67,1
2023-11-01,15,3,Oscilações de Mercado / Custo de Insumos,14586767.519460473,155,3.75,0.92
2023-11-01,5,7,Oscilações de Mercado / Custo de Insumos,14820443.252132753,164,3.75,0.92
2023-12-01,15,11,Oscilações de Mercado / Custo de Insumos,12358080.68364723,157,3.31,0.89
2023-12-01,16,6,Oscilações de Mercado / Custo de Insumos,10867812.835289981,177,3.31,0.89
2023-12-01,9,4,Oscilações de Mercado / Custo de Insumos,18589649.444883402,205,3.31,0.89
2024-01-01,16,8,Oscilações de Mercado / Custo de Insumos,13846771.10275619,176,3.57,0.97
2024-01-01,6,8,Oscilações de Mercado / Custo de Insumos,8753150.120730698,204,3.57,0.97
2024-01-01,2,11,Oscilações de Mercado / Custo de Insumos,17918749.281652488,115,3.57,0.97
2024-02-01,3,1,Oscilações de Mercado / Custo de Insumos,22367433.44853089,56,3.56,0.8
2024-02-01,13,13,Oscilações de Mercado / Custo de Insumos,22416868.71988873,206,3.56,0.8
2024-03-01,10,11,Oscilações de Mercado / Custo de Insumos,20567672.767242275,101,3.45,0.83
2024-03-01,12,12,Oscilações de Mercado / Custo de Insumos,27233648.89097156,153,3.45,0.83
2024-05-01,11,11,Oscilações de Mercado / Custo de Insumos,23826419.33389344,165,3.54,0.83
2024-06-01,1,11,Oscilações de Mercado / Custo de Insumos,13553598.531009015,125,3.36,0.79
2024-06-01,3,1,Enchentes Históricas / Calamidade Hídrica,22246474.135058593,34,3.36,0.79
2024-06-01,9,4,Enchentes Históricas / Calamidade Hídrica,7706495.393148779,94,3.36,0.79
2024-07-01,6,8,Oscilações de Mercado / Custo de Insumos,5663256.19970464,187,3.2,0.91
2024-08-01,15,11,Enchentes Históricas / Calamidade Hídrica,8954455.221287686,132,3.22,0.87
2024-08-01,6,8,Oscilações de Mercado / Custo de Insumos,14453784.448636306,206,3.22,0.87
2024-08-01,8,5,Enchentes Históricas / Calamidade Hídrica,9207937.066963565,172,3.22,0.87
2024-09-01,11,11,Oscilações de Mercado / Custo de Insumos,2371772.995517825,157,3.19,0.84
2024-11-01,15,11,Oscilações de Mercado / Custo de Insumos,13622470.817541888,139,3.09,0.79
2024-11-01,16,8,Oscilações de Mercado / Custo de Insumos,21469113.083382897,72,3.09,0.79
2024-11-01,8,5,Oscilações de Mercado / Custo de Insumos,13527197.036389684,56,3.09,0.79
2024-12-01,15,11,Oscilações de Mercado / Custo de Insumos,25222530.402206205,22,2.77,0.93
2024-12-01,4,9,Oscilações de Mercado / Custo de Insumos,21180934.700641163,26,2.77,0.93
2025-01-01,15,11,Oscilações de Mercado / Custo de Insumos,24851334.145534415,145,3.12,1.01
2025-01-01,7,1,Oscilações de Mercado / Custo de Insumos,5519666.131738041,177,3.12,1.01
2025-02-01,16,6,Oscilações de Mercado / Custo de Insumos,22457320.393236425,151,3.26,0.99
2025-02-01,3,1,Oscilações de Mercado / Custo de Insumos,14351635.653307801,92,3.26,0.99
2025-02-01,8,1,Oscilações de Mercado / Custo de Insumos,2271771.756731908,42,3.26,0.99
2025-03-01,14,1,Oscilações de Mercado / Custo de Insumos,27880462.92421232,25,3.2,0.96
2025-04-01,9,4,Oscilações de Mercado / Custo de Insumos,14104614.496634576,138,3.48,1.06
2025-05-01,9,2,Oscilações de Mercado / Custo de Insumos,12851898.277717382,182,3.48,1.14
2025-06-01,15,11,Oscilações de Mercado / Custo de Insumos,23383308.06659792,175,3.51,1.1
2025-08-01,6,8,Oscilações de Mercado / Custo de Insumos,7508784.92148074,190,3.78,1.16
2025-08-01,5,7,Oscilações de Mercado / Custo de Insumos,7272238.652490388,169,3.78,1.16
2025-09-01,16,8,Oscilações de Mercado / Custo de Insumos,27581144.876114164,215,3.65,1.22
2025-09-01,3,1,Oscilações de Mercado / Custo de Insumos,23462552.313466176,56,3.65,1.22
2025-09-01,8,1,Oscilações de Mercado / Custo de Insumos,18207339.22123187,155,3.65,1.22
2025-10-01,12,12,Oscilações de Mercado / Custo de Insumos,22608319.35879442,19,3.72,1.28
2025-12-01,8,1,Oscilações de Mercado / Custo de Insumos,19271585.830573816,27,3.49,1.22
2026-02-01,8,5,Oscilações de Mercado / Custo de Insumos,6174170.9251766065,189,4.01,1
2026-04-01,11,11,Oscilações de Mercado / Custo de Insumos,12392391.37807757,145,4.01,1.09
2026-04-01,6,8,Oscilações de Mercado / Custo de Insumos,25538926.20498277,31,4.01,1.09
2026-04-01,2,11,Oscilações de Mercado / Custo de Insumos,9970833.07742234,79,4.01,1.09
2026-06-01,6,8,Oscilações de Mercado / Custo de Insumos,7832574.1226154845,66,3.98,1.12
2026-06-01,2,11,Oscilações de Mercado / Custo de Insumos,19606052.717659824,136,3.98,1.12
2026-08-01,16,6,Oscilações de Mercado / Custo de Insumos,8240154.909821209,115,3.2,0.85
2026-08-01,5,7,Oscilações de Mercado / Custo de Insumos,11921667.134603407,130,3.2,0.85
2026-09-01,12,12,Oscilações de Mercado / Custo de Insumos,12789537.441681616,147,3.2,0.85
2026-10-01,8,1,Oscilações de Mercado / Custo de Insumos,11518654.413733449,199,3.2,0.85
2026-11-01,9,4,Oscilações de Mercado / Custo de Insumos,19226830.28904622,20,3.2,0.85
2026-12-01,16,8,Oscilações de Mercado / Custo de Insumos,14801979.325517872,206,3.2,0.85
2026-12-01,8,1,Oscilações de Mercado / Custo de Insumos,7740257.417045037,218,3.2,0.85
2020-01-01,9,2,Oscilações de Mercado / Custo de Insumos,2147541.982388503,181,2.41,0.38
2020-02-01,15,11,Oscilações de Mercado / Custo de Insumos,19701504.193227004,125,2.38,0.29
2020-02-01,12,12,Oscilações de Mercado / Custo de Insumos,26414872.268981755,58,2.38,0.29
2020-03-01,5,7,Oscilações de Mercado / Custo de Insumos,7085043.10118738,219,2.44,0.34
2020-04-01,14,1,Oscilações de Mercado / Custo de Insumos,7531622.55281444,132,2.48,0.28
2020-06-01,4,9,Oscilações de Mercado / Custo de Insumos,9106429.437915165,23,2.06,0.21
2020-06-01,6,8,Oscilações de Mercado / Custo de Insumos,24235696.44720602,145,2.06,0.21
2020-06-01,9,2,Oscilações de Mercado / Custo de Insumos,8015926.092416162,82,2.06,0.21
2020-07-01,16,8,Oscilações de Mercado / Custo de Insumos,11434154.040157158,201,1.94,0.19
2020-07-01,6,8,Oscilações de Mercado / Custo de Insumos,19325810.36317321,42,1.94,0.19
2020-07-01,12,12,Oscilações de Mercado / Custo de Insumos,7830854.027928748,211,1.94,0.19
2020-08-01,8,1,Oscilações de Mercado / Custo de Insumos,16950939.694099758,46,1.74,0.16
2020-11-01,15,11,Oscilações de Mercado / Custo de Insumos,23300754.26449163,193,1.6,0.15
2020-11-01,11,11,Oscilações de Mercado / Custo de Insumos,10617720.430084635,49,1.6,0.15
2020-11-01,3,10,Oscilações de Mercado / Custo de Insumos,27150610.449830484,35,1.6,0.15
2020-12-01,16,8,Oscilações de Mercado / Custo de Insumos,15799379.80650076,31,1.52,0.16
2021-01-01,9,2,Oscilações de Mercado / Custo de Insumos,3971752.628365881,127,1.67,0.15
2021-02-01,15,3,Oscilações de Mercado / Custo de Insumos,50026087.58424058,335,1.65,0.13
2021-03-01,16,8,Oscilações de Mercado / Custo de Insumos,12715943.312748155,96,1.72,0.2
2021-05-01,7,1,Oscilações de Mercado / Custo de Insumos,8091815.211988659,57,1.81,0.27
2021-05-01,13,13,Oscilações de Mercado / Custo de Insumos,6314780.625482702,174,1.81,0.27
2021-06-01,12,12,Oscilações de Mercado / Custo de Insumos,13918409.562688475,92,1.71,0.31
2021-06-01,14,1,Oscilações de Mercado / Custo de Insumos,11684845.073341113,133,1.71,0.31
2021-07-01,16,8,Oscilações de Mercado / Custo de Insumos,21104748.855346717,125,1.74,0.36
2021-07-01,12,12,Oscilações de Mercado / Custo de Insumos,17671300.267150443,212,1.74,0.36
2021-07-01,9,2,Oscilações de Mercado / Custo de Insumos,16891158.54650829,80,1.74,0.36
2021-09-01,15,3,Oscilações de Mercado / Custo de Insumos,28157748.837010525,191,1.68,0.44
2021-09-01,13,13,Oscilações de Mercado / Custo de Insumos,12082061.814473048,56,1.68,0.44
2021-10-01,3,10,Oscilações de Mercado / Custo de Insumos,15944348.692356322,171,1.68,0.49
2021-10-01,14,1,Oscilações de Mercado / Custo de Insumos,22023307.891674023,90,1.68,0.49
2021-10-01,8,1,Oscilações de Mercado / Custo de Insumos,16019380.41570702,178,1.68,0.49
2022-01-01,8,5,Oscilações de Mercado / Custo de Insumos,8040388.863424235,106,1.69,0.73
2022-01-01,8,1,Oscilações de Mercado / Custo de Insumos,22899252.14477711,176,1.69,0.73
2022-03-01,15,3,Oscilações de Mercado / Custo de Insumos,25909334.775790125,325,1.77,0.93
2022-04-01,5,7,Oscilações de Mercado / Custo de Insumos,20001047.53638598,122,1.78,0.83
2022-06-01,6,8,Estiagem Severa (Quebra de Grãos / Soja),27746942.40955456,184,1.76,1.02
2022-07-01,7,1,Estiagem Severa (Quebra de Grãos / Soja),17220120.799099028,185,1.86,1.03
2022-07-01,5,7,Oscilações de Mercado / Custo de Insumos,23446589.229801904,17,1.86,1.03
2022-08-01,15,3,Oscilações de Mercado / Custo de Insumos,20501154.87686222,351,1.94,1.17
2022-08-01,16,8,Oscilações de Mercado / Custo de Insumos,7664021.508352725,27,1.94,1.17
2022-09-01,5,7,Oscilações de Mercado / Custo de Insumos,23601915.46249284,16,2,1.07
2022-10-01,16,8,Oscilações de Mercado / Custo de Insumos,12074361.73986415,77,2.17,1.02
2022-10-01,8,5,Oscilações de Mercado / Custo de Insumos,23252183.855955854,93,2.17,1.02
2022-11-01,2,11,Estiagem Severa (Quebra de Grãos / Soja),7824810.674346458,180,2.21,1.02
2022-12-01,1,11,Estiagem Severa (Quebra de Grãos / Soja),5719012.837890223,219,2.18,1.12
2022-12-01,8,5,Oscilações de Mercado / Custo de Insumos,4549170.674556182,193,2.18,1.12
2023-01-01,3,10,Oscilações de Mercado / Custo de Insumos,24619391.042147443,218,2.38,1.12
2023-01-01,14,1,Oscilações de Mercado / Custo de Insumos,10693595.04462152,98,2.38,1.12
2023-04-01,13,13,Oscilações de Mercado / Custo de Insumos,7193039.702963328,148,2.9,0.92
2023-05-01,10,11,Estiagem Severa (Quebra de Grãos / Soja),15744818.707249036,186,3.1,1.12
2023-05-01,12,12,Estiagem Severa (Quebra de Grãos / Soja),4260198.753682762,99,3.1,1.12
2023-05-01,2,11,Estiagem Severa (Quebra de Grãos / Soja),8489030.947884914,100,3.1,1.12
2023-06-01,5,7,Oscilações de Mercado / Custo de Insumos,16562099.89652962,213,3.15,1.07
2023-07-01,5,7,Oscilações de Mercado / Custo de Insumos,6157888.122870324,48,3.34,1.07
2023-07-01,14,1,Oscilações de Mercado / Custo de Insumos,8527546.074277308,210,3.34,1.07
2023-11-01,16,8,Oscilações de Mercado / Custo de Insumos,23861272.312662236,79,3.75,0.92
2023-11-01,10,11,Estiagem Severa (Quebra de Grãos / Soja),4135060.1214396353,164,3.75,0.92
2023-11-01,2,11,Estiagem Severa (Quebra de Grãos / Soja),12200915.747346226,81,3.75,0.92
2023-12-01,3,10,Oscilações de Mercado / Custo de Insumos,5341356.775856356,210,3.31,0.89
2023-12-01,8,5,Oscilações de Mercado / Custo de Insumos,17370417.664718498,110,3.31,0.89
2024-01-01,7,1,Oscilações de Mercado / Custo de Insumos,9590702.263805179,70,3.57,0.97
2024-01-01,5,7,Oscilações de Mercado / Custo de Insumos,5224611.870593226,192,3.57,0.97
2024-02-01,2,11,Oscilações de Mercado / Custo de Insumos,5288399.109466139,155,3.56,0.8
2024-03-01,7,1,Oscilações de Mercado / Custo de Insumos,22815820.62294279,123,3.45,0.83
2024-04-01,10,11,Oscilações de Mercado / Custo de Insumos,23068368.447961602,158,3.54,0.89
2024-05-01,10,11,Oscilações de Mercado / Custo de Insumos,19754808.02223588,43,3.54,0.83
2024-05-01,4,9,Oscilações de Mercado / Custo de Insumos,14595926.207701417,109,3.54,0.83
2024-05-01,3,1,Enchentes Históricas / Calamidade Hídrica,16603576.212906223,132,3.54,0.83
2024-05-01,13,13,Enchentes Históricas / Calamidade Hídrica,18470833.4742563,122,3.54,0.83
2024-06-01,5,7,Oscilações de Mercado / Custo de Insumos,11113916.873563563,188,3.36,0.79
2024-07-01,14,1,Enchentes Históricas / Calamidade Hídrica,12539508.110042753,157,3.2,0.91
2024-08-01,4,9,Oscilações de Mercado / Custo de Insumos,13897399.716644412,107,3.22,0.87
2024-08-01,5,7,Oscilações de Mercado / Custo de Insumos,21486027.253960997,71,3.22,0.87
2024-08-01,9,2,Enchentes Históricas / Calamidade Hídrica,8270844.535686395,149,3.22,0.87
2024-09-01,12,12,Oscilações de Mercado / Custo de Insumos,24911953.094189975,157,3.19,0.84
2024-09-01,3,10,Oscilações de Mercado / Custo de Insumos,20799080.061839208,145,3.19,0.84
2024-10-01,2,11,Oscilações de Mercado / Custo de Insumos,3431555.374105403,90,3.14,0.93
2024-11-01,11,11,Oscilações de Mercado / Custo de Insumos,11544635.89942186,20,3.09,0.79
2024-11-01,3,1,Oscilações de Mercado / Custo de Insumos,15511236.337302223,26,3.09,0.79
2024-11-01,14,1,Oscilações de Mercado / Custo de Insumos,25300297.7770966,190,3.09,0.79
2024-12-01,12,12,Oscilações de Mercado / Custo de Insumos,20799861.35831764,35,2.77,0.93
2025-01-01,11,11,Oscilações de Mercado / Custo de Insumos,21419250.028438628,96,3.12,1.01
2025-01-01,12,12,Oscilações de Mercado / Custo de Insumos,11032223.601172945,142,3.12,1.01
2025-02-01,15,11,Oscilações de Mercado / Custo de Insumos,21692316.806194082,60,3.26,0.99
2025-03-01,16,6,Oscilações de Mercado / Custo de Insumos,8698873.534333842,182,3.2,0.96
2025-04-01,4,9,Oscilações de Mercado / Custo de Insumos,13416556.376734719,66,3.48,1.06
2025-05-01,4,9,Oscilações de Mercado / Custo de Insumos,4630274.758224114,162,3.48,1.14
2025-05-01,9,4,Oscilações de Mercado / Custo de Insumos,24915174.169685006,90,3.48,1.14
2025-06-01,9,4,Oscilações de Mercado / Custo de Insumos,20768094.05321166,17,3.51,1.1
2025-07-01,15,3,Atraso de Transplante e Perda de Estufas,24754537.47931526,276,3.71,1.28
2025-08-01,10,11,Oscilações de Mercado / Custo de Insumos,10723829.164429842,177,3.78,1.16
2025-08-01,3,10,Oscilações de Mercado / Custo de Insumos,11866215.880227966,59,3.78,1.16
2025-08-01,14,1,Oscilações de Mercado / Custo de Insumos,11965253.11060798,121,3.78,1.16
2025-08-01,8,1,Oscilações de Mercado / Custo de Insumos,5653020.484844616,73,3.78,1.16
2025-10-01,7,1,Oscilações de Mercado / Custo de Insumos,17336979.90944766,78,3.72,1.28
2025-11-01,4,9,Oscilações de Mercado / Custo de Insumos,3436388.9528196715,86,3.57,1.05
2025-11-01,5,7,Oscilações de Mercado / Custo de Insumos,10535271.840568695,208,3.57,1.05
2026-01-01,9,2,Oscilações de Mercado / Custo de Insumos,20709104.6811901,112,3.76,1.16
2026-02-01,12,12,Oscilações de Mercado / Custo de Insumos,22470030.76053139,210,4.01,1
2026-03-01,12,12,Oscilações de Mercado / Custo de Insumos,12693894.518011194,155,3.92,1.21
2026-03-01,13,13,Oscilações de Mercado / Custo de Insumos,19558705.84812316,114,3.92,1.21
2026-04-01,7,1,Oscilações de Mercado / Custo de Insumos,5058452.053813368,95,4.01,1.09
2026-04-01,14,1,Oscilações de Mercado / Custo de Insumos,3801285.5587761467,195,4.01,1.09
2026-05-01,7,1,Oscilações de Mercado / Custo de Insumos,23539793.751536295,89,4.11,1.07
2026-05-01,13,13,Oscilações de Mercado / Custo de Insumos,8065959.977894767,151,4.11,1.07
2026-06-01,8,5,Oscilações de Mercado / Custo de Insumos,6142644.231288086,17,3.98,1.12
2026-07-01,6,8,Oscilações de Mercado / Custo de Insumos,22565992.04675564,122,4.19,1.22
2026-08-01,2,11,Oscilações de Mercado / Custo de Insumos,26714329.17596677,113,3.2,0.85
2026-08-01,9,4,Oscilações de Mercado / Custo de Insumos,15056097.18265521,101,3.2,0.85
2026-09-01,7,1,Oscilações de Mercado / Custo de Insumos,10350066.890418066,113,3.2,0.85
2026-09-01,2,11,Oscilações de Mercado / Custo de Insumos,7156875.214633449,130,3.2,0.85
2026-09-01,9,4,Oscilações de Mercado / Custo de Insumos,19972793.105813436,178,3.2,0.85
2026-11-01,11,11,Oscilações de Mercado / Custo de Insumos,18362578.878685184,194,3.2,0.85
2026-11-01,1,11,Oscilações de Mercado / Custo de Insumos,15132932.556485664,205,3.2,0.85
2026-12-01,8,5,Oscilações de Mercado / Custo de Insumos,16280925.383825887,204,3.2,0.85
2020-01-01,16,6,Oscilações de Mercado / Custo de Insumos,13832320.96950572,89,2.41,0.38
2020-02-01,11,11,Oscilações de Mercado / Custo de Insumos,6643186.734768809,18,2.38,0.29
2020-02-01,5,7,Oscilações de Mercado / Custo de Insumos,11146937.15937204,38,2.38,0.29
2020-02-01,14,1,Oscilações de Mercado / Custo de Insumos,16018637.37874611,202,2.38,0.29
2020-02-01,8,5,Oscilações de Mercado / Custo de Insumos,9562365.84944696,55,2.38,0.29
2020-03-01,13,13,Oscilações de Mercado / Custo de Insumos,20419367.70976763,151,2.44,0.34
2020-05-01,2,11,Oscilações de Mercado / Custo de Insumos,24289000.68611946,107,2.49,0.24
2020-06-01,15,11,Oscilações de Mercado / Custo de Insumos,23211221.645271856,158,2.06,0.21
2020-06-01,1,11,Oscilações de Mercado / Custo de Insumos,24094325.357708834,166,2.06,0.21
2020-07-01,11,11,Oscilações de Mercado / Custo de Insumos,14969091.839356033,35,1.94,0.19
2020-09-01,10,11,Oscilações de Mercado / Custo de Insumos,21973831.091183603,22,1.66,0.16
2020-10-01,15,11,Oscilações de Mercado / Custo de Insumos,13214629.945360746,205,1.59,0.16
2020-11-01,16,6,Oscilações de Mercado / Custo de Insumos,18868901.022674046,175,1.6,0.15
2020-12-01,7,1,Oscilações de Mercado / Custo de Insumos,11997083.982835073,33,1.52,0.16
2020-12-01,2,11,Oscilações de Mercado / Custo de Insumos,16307019.97145998,39,1.52,0.16
2020-12-01,5,7,Oscilações de Mercado / Custo de Insumos,14753811.983207634,195,1.52,0.16
2020-12-01,9,4,Oscilações de Mercado / Custo de Insumos,17997313.25888604,200,1.52,0.16
2021-03-01,16,6,Oscilações de Mercado / Custo de Insumos,17871478.133517694,211,1.72,0.2
2021-04-01,15,3,Oscilações de Mercado / Custo de Insumos,33968324.52104948,107,1.78,0.21
2021-04-01,15,11,Oscilações de Mercado / Custo de Insumos,7229364.404011079,219,1.78,0.21
2021-04-01,5,7,Oscilações de Mercado / Custo de Insumos,17731901.657997392,52,1.78,0.21
2021-04-01,14,1,Oscilações de Mercado / Custo de Insumos,12076793.981612986,96,1.78,0.21
2021-05-01,11,11,Oscilações de Mercado / Custo de Insumos,5154800.980693638,165,1.81,0.27
2021-05-01,5,7,Oscilações de Mercado / Custo de Insumos,6226098.652490711,35,1.81,0.27
2021-06-01,10,11,Oscilações de Mercado / Custo de Insumos,9054194.381456736,95,1.71,0.31
2021-06-01,3,1,Oscilações de Mercado / Custo de Insumos,8413847.941813344,201,1.71,0.31
2021-06-01,3,10,Oscilações de Mercado / Custo de Insumos,13522204.010774512,32,1.71,0.31
2021-06-01,9,4,Oscilações de Mercado / Custo de Insumos,10784683.844090419,159,1.71,0.31
2021-07-01,7,1,Oscilações de Mercado / Custo de Insumos,9234928.73192658,56,1.74,0.36
2021-07-01,13,13,Oscilações de Mercado / Custo de Insumos,4102655.7629517694,89,1.74,0.36
2021-08-01,10,11,Oscilações de Mercado / Custo de Insumos,21960714.849628747,187,1.72,0.43
2021-08-01,3,10,Oscilações de Mercado / Custo de Insumos,3460424.226386515,19,1.72,0.43
2021-10-01,7,1,Oscilações de Mercado / Custo de Insumos,22461246.934082706,169,1.68,0.49
2021-10-01,3,1,Oscilações de Mercado / Custo de Insumos,15855811.408896383,52,1.68,0.49
2021-11-01,16,6,Oscilações de Mercado / Custo de Insumos,5444844.2865482215,155,1.73,0.59
2021-11-01,8,5,Oscilações de Mercado / Custo de Insumos,15393557.09670309,196,1.73,0.59
2022-01-01,3,1,Oscilações de Mercado / Custo de Insumos,20558472.395801816,46,1.69,0.73
2022-01-01,5,7,Oscilações de Mercado / Custo de Insumos,4527644.847995834,86,1.69,0.73
2022-02-01,6,8,Estiagem Severa (Quebra de Grãos / Soja),18168745.301333178,61,1.61,0.76
2022-02-01,14,1,Oscilações de Mercado / Custo de Insumos,24553860.968525317,95,1.61,0.76
2022-04-01,16,8,Oscilações de Mercado / Custo de Insumos,14272520.537616411,68,1.78,0.83
2022-05-01,8,1,Oscilações de Mercado / Custo de Insumos,2769600.029545907,117,1.79,1.03
2022-06-01,13,13,Oscilações de Mercado / Custo de Insumos,14372741.251962412,76,1.76,1.02
2022-06-01,14,1,Oscilações de Mercado / Custo de Insumos,10612906.152304659,167,1.76,1.02
2022-07-01,8,5,Oscilações de Mercado / Custo de Insumos,7467689.403557702,61,1.86,1.03
2022-10-01,15,3,Oscilações de Mercado / Custo de Insumos,31455534.5975182,207,2.17,1.02
2022-11-01,8,1,Oscilações de Mercado / Custo de Insumos,22146837.543143634,107,2.21,1.02
2022-12-01,6,8,Estiagem Severa (Quebra de Grãos / Soja),17264915.198803306,131,2.18,1.12
2022-12-01,14,1,Oscilações de Mercado / Custo de Insumos,2838013.2241269574,183,2.18,1.12
2023-01-01,7,1,Estiagem Severa (Quebra de Grãos / Soja),5277152.755928181,117,2.38,1.12
2023-01-01,12,12,Estiagem Severa (Quebra de Grãos / Soja),26730609.328109566,63,2.38,1.12
2023-01-01,1,11,Estiagem Severa (Quebra de Grãos / Soja),20309664.03395681,75,2.38,1.12
2023-02-01,2,11,Estiagem Severa (Quebra de Grãos / Soja),2603095.5577921188,196,2.46,0.92
2023-02-01,14,1,Oscilações de Mercado / Custo de Insumos,12947925.362539575,38,2.46,0.92
2023-03-01,4,9,Estiagem Severa (Quebra de Grãos / Soja),18346877.766424038,32,2.54,1.17
2023-03-01,8,1,Oscilações de Mercado / Custo de Insumos,24279239.852774892,80,2.54,1.17
2023-04-01,7,1,Estiagem Severa (Quebra de Grãos / Soja),8316313.941795903,147,2.9,0.92
2023-04-01,4,9,Estiagem Severa (Quebra de Grãos / Soja),26652883.897107564,185,2.9,0.92
2023-04-01,12,12,Estiagem Severa (Quebra de Grãos / Soja),11146379.789648043,179,2.9,0.92
2023-04-01,3,10,Oscilações de Mercado / Custo de Insumos,2695719.4676059443,203,2.9,0.92
2023-05-01,3,10,Oscilações de Mercado / Custo de Insumos,19701098.34118872,185,3.1,1.12
2023-06-01,12,12,Estiagem Severa (Quebra de Grãos / Soja),13280115.475994077,116,3.15,1.07
2023-06-01,3,10,Oscilações de Mercado / Custo de Insumos,18311469.206223577,157,3.15,1.07
2023-07-01,7,1,Estiagem Severa (Quebra de Grãos / Soja),8247025.060507554,51,3.34,1.07
2023-07-01,3,10,Oscilações de Mercado / Custo de Insumos,11012514.405678421,155,3.34,1.07
2023-07-01,8,1,Oscilações de Mercado / Custo de Insumos,22839278.523215782,171,3.34,1.07
2023-08-01,15,11,Oscilações de Mercado / Custo de Insumos,15489003.2615223,103,3.5,1.14
2023-09-01,10,11,Estiagem Severa (Quebra de Grãos / Soja),15826382.268277714,133,3.52,0.97
2023-11-01,14,1,Oscilações de Mercado / Custo de Insumos,16644274.488891166,100,3.75,0.92
2024-02-01,3,10,Oscilações de Mercado / Custo de Insumos,26502175.905027457,151,3.56,0.8
2024-02-01,9,2,Oscilações de Mercado / Custo de Insumos,11922341.438025866,48,3.56,0.8
2024-03-01,16,6,Oscilações de Mercado / Custo de Insumos,2891829.9957824675,22,3.45,0.83
2024-03-01,3,1,Oscilações de Mercado / Custo de Insumos,6361664.58575301,65,3.45,0.83
2024-04-01,13,13,Oscilações de Mercado / Custo de Insumos,2133130.11765661,188,3.54,0.89
2024-04-01,3,10,Oscilações de Mercado / Custo de Insumos,9290757.878065996,163,3.54,0.89
2024-05-01,12,12,Oscilações de Mercado / Custo de Insumos,17267109.49001985,179,3.54,0.83
2024-06-01,15,11,Enchentes Históricas / Calamidade Hídrica,22335344.753517408,126,3.36,0.79
2024-07-01,8,1,Enchentes Históricas / Calamidade Hídrica,16783053.506152287,117,3.2,0.91
2024-08-01,10,11,Oscilações de Mercado / Custo de Insumos,24141474.120743636,184,3.22,0.87
2024-09-01,13,13,Oscilações de Mercado / Custo de Insumos,8521087.636039292,35,3.19,0.84
2024-09-01,9,2,Oscilações de Mercado / Custo de Insumos,20664210.639173564,192,3.19,0.84
2024-11-01,7,1,Oscilações de Mercado / Custo de Insumos,25621569.393572874,145,3.09,0.79
2024-11-01,1,11,Oscilações de Mercado / Custo de Insumos,27069288.332201265,211,3.09,0.79
2024-12-01,8,1,Oscilações de Mercado / Custo de Insumos,23259464.06317539,23,2.77,0.93
2024-12-01,9,4,Oscilações de Mercado / Custo de Insumos,10035972.965414207,74,2.77,0.93
2025-01-01,3,1,Oscilações de Mercado / Custo de Insumos,27452549.375997048,108,3.12,1.01
2025-01-01,14,1,Oscilações de Mercado / Custo de Insumos,24220316.1833316,212,3.12,1.01
2025-01-01,9,4,Oscilações de Mercado / Custo de Insumos,7446882.562332895,167,3.12,1.01
2025-02-01,13,13,Oscilações de Mercado / Custo de Insumos,2511985.421580117,102,3.26,0.99
2025-02-01,3,10,Oscilações de Mercado / Custo de Insumos,9136978.034222823,116,3.26,0.99
2025-03-01,3,1,Oscilações de Mercado / Custo de Insumos,10718633.095758595,124,3.2,0.96
2025-03-01,5,7,Oscilações de Mercado / Custo de Insumos,13044583.94698455,172,3.2,0.96
2025-04-01,7,1,Oscilações de Mercado / Custo de Insumos,10729371.334493982,119,3.48,1.06
2025-05-01,11,11,Oscilações de Mercado / Custo de Insumos,13926721.221415287,104,3.48,1.14
2025-05-01,6,8,Oscilações de Mercado / Custo de Insumos,7524957.660078214,191,3.48,1.14
2025-05-01,3,1,Oscilações de Mercado / Custo de Insumos,4081830.490049213,102,3.48,1.14
2025-06-01,6,8,Oscilações de Mercado / Custo de Insumos,11856578.735778462,82,3.51,1.1
2025-06-01,12,12,Oscilações de Mercado / Custo de Insumos,19161810.242155112,141,3.51,1.1
2025-07-01,14,1,Oscilações de Mercado / Custo de Insumos,4390488.782184647,77,3.71,1.28
2025-09-01,9,4,Oscilações de Mercado / Custo de Insumos,21045941.585781027,31,3.65,1.22
2025-10-01,5,7,Oscilações de Mercado / Custo de Insumos,11633643.587493569,197,3.72,1.28
2025-11-01,13,13,Oscilações de Mercado / Custo de Insumos,18372655.68110469,56,3.57,1.05
2025-11-01,9,4,Oscilações de Mercado / Custo de Insumos,1860719.7551061234,85,3.57,1.05
2025-12-01,3,10,Oscilações de Mercado / Custo de Insumos,19661814.475162223,30,3.49,1.22
2026-01-01,16,8,Oscilações de Mercado / Custo de Insumos,18580472.30500711,159,3.76,1.16
2026-01-01,10,11,Oscilações de Mercado / Custo de Insumos,11174729.00377498,161,3.76,1.16
2026-01-01,5,7,Oscilações de Mercado / Custo de Insumos,25819942.29640118,219,3.76,1.16
2026-02-01,16,6,Oscilações de Mercado / Custo de Insumos,1900081.9736548774,22,4.01,1
2026-02-01,4,9,Oscilações de Mercado / Custo de Insumos,23459924.09019268,153,4.01,1
2026-02-01,14,1,Oscilações de Mercado / Custo de Insumos,19507210.957365613,134,4.01,1
2026-03-01,5,7,Oscilações de Mercado / Custo de Insumos,5378943.675660722,151,3.92,1.21
2026-05-01,15,3,Atraso de Transplante e Perda de Estufas,19189070.226781998,271,4.11,1.07
2026-05-01,3,1,Oscilações de Mercado / Custo de Insumos,14213817.5040262,138,4.11,1.07
2026-06-01,16,8,Oscilações de Mercado / Custo de Insumos,10844035.862548316,79,3.98,1.12
2026-06-01,16,6,Oscilações de Mercado / Custo de Insumos,10638311.694646016,66,3.98,1.12
2026-06-01,10,11,Oscilações de Mercado / Custo de Insumos,14113692.625737939,196,3.98,1.12
2026-06-01,11,11,Oscilações de Mercado / Custo de Insumos,2005449.6782242206,128,3.98,1.12
2026-06-01,5,7,Oscilações de Mercado / Custo de Insumos,16120321.121246127,92,3.98,1.12
2026-07-01,15,11,Oscilações de Mercado / Custo de Insumos,26727461.031480007,82,4.19,1.22
2026-07-01,2,11,Oscilações de Mercado / Custo de Insumos,6035791.629408401,22,4.19,1.22
2026-12-01,14,1,Oscilações de Mercado / Custo de Insumos,26991649.481356822,27,3.2,0.85
2026-12-01,9,4,Oscilações de Mercado / Custo de Insumos,19541393.20639105,162,3.2,0.85
2020-01-01,7,1,Oscilações de Mercado / Custo de Insumos,18853277.991259944,166,2.41,0.38
2020-01-01,11,11,Oscilações de Mercado / Custo de Insumos,7363284.699770835,172,2.41,0.38
2020-01-01,3,1,Oscilações de Mercado / Custo de Insumos,9430203.473188698,103,2.41,0.38
2020-01-01,14,1,Oscilações de Mercado / Custo de Insumos,27560649.20813785,69,2.41,0.38
2020-02-01,9,4,Oscilações de Mercado / Custo de Insumos,7006350.856195317,143,2.38,0.29
2020-05-01,5,7,Oscilações de Mercado / Custo de Insumos,10935048.867043309,161,2.49,0.24
2020-05-01,9,2,Oscilações de Mercado / Custo de Insumos,19503081.066429157,143,2.49,0.24
2020-09-01,9,2,Oscilações de Mercado / Custo de Insumos,16189738.615300355,110,1.66,0.16
2020-10-01,11,11,Oscilações de Mercado / Custo de Insumos,24213067.30108839,108,1.59,0.16
2020-10-01,6,8,Oscilações de Mercado / Custo de Insumos,14223354.32208792,211,1.59,0.16
2020-10-01,3,1,Oscilações de Mercado / Custo de Insumos,12240824.041211184,115,1.59,0.16
2020-11-01,10,11,Oscilações de Mercado / Custo de Insumos,6929727.731479567,57,1.6,0.15
2020-12-01,15,3,Oscilações de Mercado / Custo de Insumos,34225253.04094669,53,1.52,0.16
2021-01-01,10,11,Oscilações de Mercado / Custo de Insumos,11605894.848810352,150,1.67,0.15
2021-01-01,9,4,Oscilações de Mercado / Custo de Insumos,7658210.969209659,175,1.67,0.15
2021-02-01,12,12,Oscilações de Mercado / Custo de Insumos,11866087.982135562,132,1.65,0.13
2021-02-01,13,13,Oscilações de Mercado / Custo de Insumos,18047474.062400263,166,1.65,0.13
2021-02-01,3,10,Oscilações de Mercado / Custo de Insumos,6245613.482063817,22,1.65,0.13
2021-02-01,8,5,Oscilações de Mercado / Custo de Insumos,3836647.488482603,42,1.65,0.13
2021-04-01,16,8,Oscilações de Mercado / Custo de Insumos,19398557.931433447,207,1.78,0.21
2021-04-01,2,11,Oscilações de Mercado / Custo de Insumos,18551267.55272515,99,1.78,0.21
2021-04-01,8,1,Oscilações de Mercado / Custo de Insumos,16143093.240756722,66,1.78,0.21
2021-05-01,15,11,Oscilações de Mercado / Custo de Insumos,21945644.822463416,88,1.81,0.27
2021-06-01,4,9,Oscilações de Mercado / Custo de Insumos,6634450.7071370855,113,1.71,0.31
2021-08-01,15,11,Oscilações de Mercado / Custo de Insumos,23306570.596617837,193,1.72,0.43
2021-08-01,16,8,Oscilações de Mercado / Custo de Insumos,16387187.79696496,208,1.72,0.43
2021-08-01,3,1,Oscilações de Mercado / Custo de Insumos,10200825.434579274,114,1.72,0.43
2021-09-01,10,11,Oscilações de Mercado / Custo de Insumos,26072974.89805043,49,1.68,0.44
2021-11-01,16,8,Oscilações de Mercado / Custo de Insumos,5817806.761641301,121,1.73,0.59
2021-12-01,16,6,Oscilações de Mercado / Custo de Insumos,25863513.79340969,176,1.63,0.77
2022-01-01,10,11,Estiagem Severa (Quebra de Grãos / Soja),21852334.563935503,180,1.69,0.73
2022-02-01,15,11,Oscilações de Mercado / Custo de Insumos,9480470.532838548,156,1.61,0.76
2022-03-01,12,12,Estiagem Severa (Quebra de Grãos / Soja),20669307.63876615,136,1.77,0.93
2022-04-01,11,11,Estiagem Severa (Quebra de Grãos / Soja),14804795.676672392,95,1.78,0.83
2022-04-01,6,8,Estiagem Severa (Quebra de Grãos / Soja),5852410.091140789,123,1.78,0.83
2022-06-01,16,6,Oscilações de Mercado / Custo de Insumos,22516946.918780845,18,1.76,1.02
2022-06-01,10,11,Estiagem Severa (Quebra de Grãos / Soja),21131821.092950955,167,1.76,1.02
2022-07-01,10,11,Estiagem Severa (Quebra de Grãos / Soja),22402239.377687465,51,1.86,1.03
2022-07-01,11,11,Estiagem Severa (Quebra de Grãos / Soja),17540919.29678559,60,1.86,1.03
2022-07-01,3,10,Oscilações de Mercado / Custo de Insumos,7576738.677638594,71,1.86,1.03
2022-08-01,16,6,Oscilações de Mercado / Custo de Insumos,17335026.292852625,103,1.94,1.17
2022-08-01,11,11,Estiagem Severa (Quebra de Grãos / Soja),25085199.692567203,43,1.94,1.17
2022-08-01,2,11,Estiagem Severa (Quebra de Grãos / Soja),11564439.145722626,138,1.94,1.17
2022-08-01,9,4,Oscilações de Mercado / Custo de Insumos,16768556.278292842,200,1.94,1.17
2022-09-01,8,5,Oscilações de Mercado / Custo de Insumos,17963485.261444446,27,2,1.07
2022-10-01,6,8,Estiagem Severa (Quebra de Grãos / Soja),17052866.05661836,159,2.17,1.02
2022-11-01,13,13,Oscilações de Mercado / Custo de Insumos,7049409.5609762715,203,2.21,1.02
2022-11-01,5,7,Oscilações de Mercado / Custo de Insumos,24446186.14579849,32,2.21,1.02
2022-11-01,9,2,Oscilações de Mercado / Custo de Insumos,13686773.226658406,93,2.21,1.02
2022-12-01,16,6,Oscilações de Mercado / Custo de Insumos,1832274.0813603583,167,2.18,1.12
2022-12-01,3,1,Oscilações de Mercado / Custo de Insumos,3698108.4602174424,35,2.18,1.12
2022-12-01,8,1,Oscilações de Mercado / Custo de Insumos,4493160.997707841,159,2.18,1.12
2022-12-01,9,4,Oscilações de Mercado / Custo de Insumos,14437737.196651699,94,2.18,1.12
2023-01-01,13,13,Oscilações de Mercado / Custo de Insumos,9629500.222037623,174,2.38,1.12
2023-03-01,16,8,Oscilações de Mercado / Custo de Insumos,12849088.284084532,178,2.54,1.17
2023-04-01,16,6,Oscilações de Mercado / Custo de Insumos,10629483.2224997,107,2.9,0.92
2023-05-01,11,11,Estiagem Severa (Quebra de Grãos / Soja),7088560.445621247,192,3.1,1.12
2023-05-01,5,7,Oscilações de Mercado / Custo de Insumos,8196659.0090662055,128,3.1,1.12
2023-06-01,15,11,Oscilações de Mercado / Custo de Insumos,19035546.980599545,204,3.15,1.07
2023-06-01,9,4,Oscilações de Mercado / Custo de Insumos,18635490.38641637,124,3.15,1.07
2023-07-01,16,8,Oscilações de Mercado / Custo de Insumos,25752996.717928514,212,3.34,1.07
2023-07-01,6,8,Estiagem Severa (Quebra de Grãos / Soja),26834720.83401929,122,3.34,1.07
2023-08-01,10,11,Estiagem Severa (Quebra de Grãos / Soja),20377012.057127737,173,3.5,1.14
2023-08-01,14,1,Oscilações de Mercado / Custo de Insumos,25380605.83302789,184,3.5,1.14
2023-12-01,4,9,Estiagem Severa (Quebra de Grãos / Soja),14359086.331611717,39,3.31,0.89
2023-12-01,13,13,Oscilações de Mercado / Custo de Insumos,14329731.403859494,150,3.31,0.89
2024-01-01,9,2,Oscilações de Mercado / Custo de Insumos,27052143.617637597,100,3.57,0.97
2024-02-01,1,11,Oscilações de Mercado / Custo de Insumos,24320609.06914998,194,3.56,0.8
2024-02-01,8,1,Oscilações de Mercado / Custo de Insumos,23418463.53333204,35,3.56,0.8
2024-04-01,2,11,Oscilações de Mercado / Custo de Insumos,6973726.834330358,186,3.54,0.89
2024-04-01,14,1,Oscilações de Mercado / Custo de Insumos,23978675.673685286,53,3.54,0.89
2024-06-01,7,1,Oscilações de Mercado / Custo de Insumos,21438091.693084873,28,3.36,0.79
2024-06-01,12,12,Oscilações de Mercado / Custo de Insumos,5067508.291078431,115,3.36,0.79
2024-07-01,2,11,Oscilações de Mercado / Custo de Insumos,27956704.79849528,61,3.2,0.91
2024-08-01,12,12,Oscilações de Mercado / Custo de Insumos,18336670.92406571,84,3.22,0.87
2024-08-01,8,1,Enchentes Históricas / Calamidade Hídrica,9193301.356961843,120,3.22,0.87
2024-09-01,2,11,Oscilações de Mercado / Custo de Insumos,14755405.639931437,71,3.19,0.84
2024-09-01,9,4,Oscilações de Mercado / Custo de Insumos,8375326.527115807,141,3.19,0.84
2024-10-01,15,3,Atraso de Transplante e Perda de Estufas,35227199.44412692,132,3.14,0.93
2024-10-01,7,1,Oscilações de Mercado / Custo de Insumos,7725052.751656448,212,3.14,0.93
2024-12-01,6,8,Oscilações de Mercado / Custo de Insumos,14516405.358789044,77,2.77,0.93
2024-12-01,14,1,Oscilações de Mercado / Custo de Insumos,3880452.5176473735,168,2.77,0.93
2025-03-01,12,12,Oscilações de Mercado / Custo de Insumos,24783673.777649652,82,3.2,0.96
2025-04-01,12,12,Oscilações de Mercado / Custo de Insumos,8020756.871419924,193,3.48,1.06
2025-05-01,16,8,Oscilações de Mercado / Custo de Insumos,7223205.555086781,98,3.48,1.14
2025-06-01,16,8,Oscilações de Mercado / Custo de Insumos,26795667.94272806,117,3.51,1.1
2025-06-01,3,1,Oscilações de Mercado / Custo de Insumos,21480864.852580555,182,3.51,1.1
2025-07-01,16,8,Oscilações de Mercado / Custo de Insumos,2106713.2011496867,16,3.71,1.28
2025-08-01,12,12,Oscilações de Mercado / Custo de Insumos,16463837.254754025,218,3.78,1.16
2025-08-01,13,13,Oscilações de Mercado / Custo de Insumos,15736112.9109357,201,3.78,1.16
2025-09-01,10,11,Oscilações de Mercado / Custo de Insumos,12004425.646443414,140,3.65,1.22
2025-09-01,5,7,Oscilações de Mercado / Custo de Insumos,16074484.627683895,117,3.65,1.22
2025-10-01,15,11,Oscilações de Mercado / Custo de Insumos,20947432.35224939,179,3.72,1.28
2025-12-01,15,3,Atraso de Transplante e Perda de Estufas,39514327.25008707,120,3.49,1.22
2025-12-01,11,11,Oscilações de Mercado / Custo de Insumos,9144762.872737847,188,3.49,1.22
2026-01-01,15,3,Atraso de Transplante e Perda de Estufas,14790795.932686245,175,3.76,1.16
2026-01-01,11,11,Oscilações de Mercado / Custo de Insumos,24513656.870819353,37,3.76,1.16
2026-01-01,8,1,Oscilações de Mercado / Custo de Insumos,5306303.11059196,48,3.76,1.16
2026-04-01,10,11,Oscilações de Mercado / Custo de Insumos,23762552.42009747,38,4.01,1.09
2026-04-01,3,1,Oscilações de Mercado / Custo de Insumos,15398645.739394177,136,4.01,1.09
2026-04-01,8,1,Oscilações de Mercado / Custo de Insumos,6561566.79658793,176,4.01,1.09
2026-06-01,1,11,Oscilações de Mercado / Custo de Insumos,15677084.767375242,180,3.98,1.12
2026-06-01,9,2,Oscilações de Mercado / Custo de Insumos,23903621.198157784,122,3.98,1.12
2026-07-01,10,11,Oscilações de Mercado / Custo de Insumos,8599994.719213568,90,4.19,1.22
2026-07-01,4,9,Oscilações de Mercado / Custo de Insumos,7405674.413631807,69,4.19,1.22
2026-07-01,11,11,Oscilações de Mercado / Custo de Insumos,2171779.2941691,168,4.19,1.22
2026-07-01,1,11,Oscilações de Mercado / Custo de Insumos,26955552.835422717,31,4.19,1.22
2026-08-01,6,8,Oscilações de Mercado / Custo de Insumos,2976676.0336851357,143,3.2,0.85
2026-08-01,14,1,Oscilações de Mercado / Custo de Insumos,11194755.691951677,195,3.2,0.85
2026-09-01,10,11,Oscilações de Mercado / Custo de Insumos,16998327.46833971,70,3.2,0.85
2026-10-01,4,9,Oscilações de Mercado / Custo de Insumos,15489766.744442416,202,3.2,0.85
2026-11-01,7,1,Oscilações de Mercado / Custo de Insumos,14424927.956994954,24,3.2,0.85
2026-11-01,9,2,Oscilações de Mercado / Custo de Insumos,10847959.148816062,87,3.2,0.85
2026-12-01,12,12,Oscilações de Mercado / Custo de Insumos,23893885.98253374,28,3.2,0.85
2026-12-01,3,1,Oscilações de Mercado / Custo de Insumos,23208757.320808332,171,3.2,0.85
2020-01-01,13,13,Oscilações de Mercado / Custo de Insumos,11398680.294294722,202,2.41,0.38
2020-01-01,8,5,Oscilações de Mercado / Custo de Insumos,24330438.6564916,145,2.41,0.38
2020-02-01,15,3,Oscilações de Mercado / Custo de Insumos,21945221.10278812,167,2.38,0.29
2020-02-01,2,11,Oscilações de Mercado / Custo de Insumos,16745632.129421465,214,2.38,0.29
2020-03-01,4,9,Oscilações de Mercado / Custo de Insumos,19323640.81978651,165,2.44,0.34
2020-03-01,3,10,Oscilações de Mercado / Custo de Insumos,2465981.120695294,104,2.44,0.34
2020-03-01,9,2,Oscilações de Mercado / Custo de Insumos,17635735.33707881,165,2.44,0.34
2020-04-01,8,1,Oscilações de Mercado / Custo de Insumos,27016119.127483316,200,2.48,0.28
2020-05-01,16,6,Oscilações de Mercado / Custo de Insumos,15710486.082908973,144,2.49,0.24
2020-07-01,15,3,Oscilações de Mercado / Custo de Insumos,40326725.48235093,351,1.94,0.19
2020-07-01,9,4,Oscilações de Mercado / Custo de Insumos,24099780.79374165,174,1.94,0.19
2020-09-01,16,8,Oscilações de Mercado / Custo de Insumos,11236994.804975087,29,1.66,0.16
2020-09-01,1,11,Oscilações de Mercado / Custo de Insumos,15327069.125491317,128,1.66,0.16
2020-09-01,13,13,Oscilações de Mercado / Custo de Insumos,21293917.246576823,106,1.66,0.16
2020-09-01,3,10,Oscilações de Mercado / Custo de Insumos,2464189.4774849867,104,1.66,0.16
2020-10-01,12,12,Oscilações de Mercado / Custo de Insumos,22941119.99873042,190,1.59,0.16
2020-10-01,14,1,Oscilações de Mercado / Custo de Insumos,19719850.758231297,83,1.59,0.16
2020-11-01,16,8,Oscilações de Mercado / Custo de Insumos,11915889.110380284,26,1.6,0.15
2020-11-01,6,8,Oscilações de Mercado / Custo de Insumos,10157161.513696546,104,1.6,0.15
2020-11-01,3,1,Oscilações de Mercado / Custo de Insumos,4895918.483687393,149,1.6,0.15
2020-12-01,11,11,Oscilações de Mercado / Custo de Insumos,4191710.9317966993,161,1.52,0.16
2020-12-01,12,12,Oscilações de Mercado / Custo de Insumos,14442048.880637232,142,1.52,0.16
2021-03-01,3,1,Oscilações de Mercado / Custo de Insumos,23524102.582510676,100,1.72,0.2
2021-03-01,9,2,Oscilações de Mercado / Custo de Insumos,21635527.493512344,179,1.72,0.2
2021-03-01,9,4,Oscilações de Mercado / Custo de Insumos,8280520.2656717785,97,1.72,0.2
2021-05-01,16,8,Oscilações de Mercado / Custo de Insumos,13829356.813442446,98,1.81,0.27
2021-05-01,4,9,Oscilações de Mercado / Custo de Insumos,15876301.517908636,129,1.81,0.27
2021-05-01,1,11,Oscilações de Mercado / Custo de Insumos,20048338.41514947,118,1.81,0.27
2021-06-01,6,8,Oscilações de Mercado / Custo de Insumos,17998275.014093757,28,1.71,0.31
2021-07-01,4,9,Oscilações de Mercado / Custo de Insumos,25370761.80519932,20,1.74,0.36
2021-07-01,11,11,Oscilações de Mercado / Custo de Insumos,16754391.582325492,78,1.74,0.36
2021-09-01,15,11,Oscilações de Mercado / Custo de Insumos,5056587.255321272,192,1.68,0.44
2021-09-01,6,8,Oscilações de Mercado / Custo de Insumos,22747872.83009131,28,1.68,0.44
2021-10-01,16,6,Oscilações de Mercado / Custo de Insumos,6168345.9118266385,206,1.68,0.49
2021-12-01,8,1,Oscilações de Mercado / Custo de Insumos,7299526.539104347,193,1.63,0.77
2021-12-01,9,4,Oscilações de Mercado / Custo de Insumos,18174370.86073757,43,1.63,0.77
2022-01-01,1,11,Estiagem Severa (Quebra de Grãos / Soja),27448003.613138184,101,1.69,0.73
2022-01-01,9,2,Oscilações de Mercado / Custo de Insumos,20723393.61461827,102,1.69,0.73
2022-02-01,10,11,Estiagem Severa (Quebra de Grãos / Soja),24020956.101232346,165,1.61,0.76
2022-02-01,9,4,Oscilações de Mercado / Custo de Insumos,21232197.938791037,28,1.61,0.76
2022-03-01,1,11,Estiagem Severa (Quebra de Grãos / Soja),2088090.7108521885,131,1.77,0.93
2022-03-01,13,13,Oscilações de Mercado / Custo de Insumos,17533541.74336172,112,1.77,0.93
2022-04-01,8,5,Oscilações de Mercado / Custo de Insumos,10042429.788406566,33,1.78,0.83
2022-05-01,9,2,Oscilações de Mercado / Custo de Insumos,11355067.935781414,173,1.79,1.03
2022-06-01,16,8,Oscilações de Mercado / Custo de Insumos,10060606.85116199,53,1.76,1.02
2022-06-01,4,9,Estiagem Severa (Quebra de Grãos / Soja),24768632.899996176,184,1.76,1.02
2022-07-01,15,3,Oscilações de Mercado / Custo de Insumos,28553726.04238008,258,1.86,1.03
2022-08-01,7,1,Estiagem Severa (Quebra de Grãos / Soja),24789474.600915965,25,1.94,1.17
2022-08-01,12,12,Estiagem Severa (Quebra de Grãos / Soja),23009321.157791805,184,1.94,1.17
2022-08-01,3,1,Oscilações de Mercado / Custo de Insumos,4079053.1096789455,153,1.94,1.17
2022-10-01,7,1,Estiagem Severa (Quebra de Grãos / Soja),21996377.643773932,110,2.17,1.02
2022-10-01,11,11,Estiagem Severa (Quebra de Grãos / Soja),21999788.46434195,31,2.17,1.02
2022-10-01,5,7,Oscilações de Mercado / Custo de Insumos,3519404.987839139,21,2.17,1.02
2022-11-01,1,11,Estiagem Severa (Quebra de Grãos / Soja),27580214.3765475,211,2.21,1.02
2022-11-01,14,1,Oscilações de Mercado / Custo de Insumos,27166667.81136571,41,2.21,1.02
2022-12-01,16,8,Oscilações de Mercado / Custo de Insumos,22669277.02357582,162,2.18,1.12
2022-12-01,9,2,Oscilações de Mercado / Custo de Insumos,5533383.224019647,60,2.18,1.12
2023-01-01,16,6,Oscilações de Mercado / Custo de Insumos,2669921.450333804,172,2.38,1.12
2023-01-01,10,11,Estiagem Severa (Quebra de Grãos / Soja),11174395.39432071,130,2.38,1.12
2023-02-01,15,3,Oscilações de Mercado / Custo de Insumos,28883258.788552072,261,2.46,0.92
2023-02-01,1,11,Estiagem Severa (Quebra de Grãos / Soja),3935994.0262735793,145,2.46,0.92
2023-03-01,6,8,Estiagem Severa (Quebra de Grãos / Soja),20554614.07467072,40,2.54,1.17
2023-03-01,12,12,Estiagem Severa (Quebra de Grãos / Soja),18372561.97052922,101,2.54,1.17
2023-03-01,3,10,Oscilações de Mercado / Custo de Insumos,13466997.681069836,139,2.54,1.17
2023-06-01,10,11,Estiagem Severa (Quebra de Grãos / Soja),24613740.398836188,103,3.15,1.07
2023-06-01,11,11,Estiagem Severa (Quebra de Grãos / Soja),18843405.172142953,82,3.15,1.07
2023-08-01,16,6,Oscilações de Mercado / Custo de Insumos,22754264.700109366,88,3.5,1.14
2023-08-01,4,9,Estiagem Severa (Quebra de Grãos / Soja),8521944.932975732,203,3.5,1.14
2023-08-01,9,2,Oscilações de Mercado / Custo de Insumos,23352495.145058375,166,3.5,1.14
2023-09-01,14,1,Oscilações de Mercado / Custo de Insumos,17604348.547590353,33,3.52,0.97
2023-09-01,8,1,Oscilações de Mercado / Custo de Insumos,22042715.45917382,181,3.52,0.97
2023-09-01,9,2,Oscilações de Mercado / Custo de Insumos,4044246.13942648,50,3.52,0.97
2023-10-01,9,4,Oscilações de Mercado / Custo de Insumos,11822188.542393016,158,3.67,1
2023-11-01,6,8,Estiagem Severa (Quebra de Grãos / Soja),8693549.331664082,165,3.75,0.92
2023-12-01,8,1,Oscilações de Mercado / Custo de Insumos,15060916.806414396,45,3.31,0.89
2024-01-01,10,11,Oscilações de Mercado / Custo de Insumos,3313850.698104806,192,3.57,0.97
2024-01-01,1,11,Oscilações de Mercado / Custo de Insumos,15146859.75752449,111,3.57,0.97
2024-03-01,6,8,Oscilações de Mercado / Custo de Insumos,13903009.74077904,72,3.45,0.83
2024-03-01,9,2,Oscilações de Mercado / Custo de Insumos,17913339.762618303,50,3.45,0.83
2024-04-01,16,8,Oscilações de Mercado / Custo de Insumos,17569297.64847164,16,3.54,0.89
2024-04-01,16,6,Oscilações de Mercado / Custo de Insumos,25911786.14794848,195,3.54,0.89
2024-07-01,15,3,Enchentes Históricas / Calamidade Hídrica,22706923.719606124,184,3.2,0.91
2024-08-01,3,10,Enchentes Históricas / Calamidade Hídrica,5241354.493396556,74,3.22,0.87
2024-10-01,15,11,Oscilações de Mercado / Custo de Insumos,7758128.791568128,75,3.14,0.93
2024-11-01,15,3,Atraso de Transplante e Perda de Estufas,33338970.229706906,199,3.09,0.79
2024-12-01,7,1,Oscilações de Mercado / Custo de Insumos,24919308.852272276,33,2.77,0.93
2024-12-01,11,11,Oscilações de Mercado / Custo de Insumos,27138717.319790266,133,2.77,0.93
2025-01-01,4,9,Oscilações de Mercado / Custo de Insumos,21179388.07904121,55,3.12,1.01
2025-01-01,5,7,Oscilações de Mercado / Custo de Insumos,19659740.438922446,170,3.12,1.01
2025-02-01,16,8,Oscilações de Mercado / Custo de Insumos,7898394.454053765,218,3.26,0.99
2025-03-01,15,3,Atraso de Transplante e Perda de Estufas,40422258.82978529,166,3.2,0.96
2025-03-01,4,9,Oscilações de Mercado / Custo de Insumos,17476966.08860128,156,3.2,0.96
2025-03-01,9,2,Oscilações de Mercado / Custo de Insumos,7569902.896085656,34,3.2,0.96
2025-04-01,16,8,Oscilações de Mercado / Custo de Insumos,13077198.150409942,101,3.48,1.06
2025-05-01,15,3,Atraso de Transplante e Perda de Estufas,17419051.659845825,312,3.48,1.14
2025-05-01,2,11,Oscilações de Mercado / Custo de Insumos,23237014.721204087,55,3.48,1.14
2025-05-01,8,5,Oscilações de Mercado / Custo de Insumos,5245014.941327118,153,3.48,1.14
2025-07-01,16,6,Oscilações de Mercado / Custo de Insumos,9530066.540538894,26,3.71,1.28
2025-07-01,10,11,Oscilações de Mercado / Custo de Insumos,4011080.3702670094,79,3.71,1.28
2025-07-01,6,8,Oscilações de Mercado / Custo de Insumos,23954834.310335558,52,3.71,1.28
2025-07-01,9,2,Oscilações de Mercado / Custo de Insumos,19836211.484493986,138,3.71,1.28
2025-08-01,7,1,Oscilações de Mercado / Custo de Insumos,17414907.665207222,140,3.78,1.16
2025-08-01,4,9,Oscilações de Mercado / Custo de Insumos,19540560.761057246,127,3.78,1.16
2025-10-01,2,11,Oscilações de Mercado / Custo de Insumos,13922100.85271331,129,3.72,1.28
2025-11-01,16,8,Oscilações de Mercado / Custo de Insumos,7052432.306844153,177,3.57,1.05
2025-11-01,7,1,Oscilações de Mercado / Custo de Insumos,9618994.70388117,127,3.57,1.05
2025-11-01,14,1,Oscilações de Mercado / Custo de Insumos,7320470.053320723,49,3.57,1.05
2025-12-01,16,8,Oscilações de Mercado / Custo de Insumos,21945776.891220193,150,3.49,1.22
2025-12-01,14,1,Oscilações de Mercado / Custo de Insumos,20325665.704387493,138,3.49,1.22
2026-03-01,4,9,Oscilações de Mercado / Custo de Insumos,18421912.606508493,160,3.92,1.21
2026-03-01,1,11,Oscilações de Mercado / Custo de Insumos,7354244.233104841,144,3.92,1.21
2026-04-01,12,12,Oscilações de Mercado / Custo de Insumos,2060004.1135492935,130,4.01,1.09
2026-04-01,9,4,Oscilações de Mercado / Custo de Insumos,22056317.096669193,167,4.01,1.09
2026-05-01,4,9,Oscilações de Mercado / Custo de Insumos,7225886.856226166,214,4.11,1.07
2026-06-01,15,3,Atraso de Transplante e Perda de Estufas,48599672.02681518,337,3.98,1.12
2026-06-01,7,1,Oscilações de Mercado / Custo de Insumos,3388477.8629414667,61,3.98,1.12
2026-07-01,16,8,Oscilações de Mercado / Custo de Insumos,12454860.633962879,62,4.19,1.22
2026-08-01,8,5,Oscilações de Mercado / Custo de Insumos,23998517.694312714,82,3.2,0.85
2026-09-01,16,6,Oscilações de Mercado / Custo de Insumos,20641989.299947705,211,3.2,0.85
2026-09-01,13,13,Oscilações de Mercado / Custo de Insumos,6676760.521137716,150,3.2,0.85
2026-10-01,6,8,Oscilações de Mercado / Custo de Insumos,7724483.678741405,182,3.2,0.85
2026-10-01,2,11,Oscilações de Mercado / Custo de Insumos,7676489.26206818,90,3.2,0.85
2026-10-01,14,1,Oscilações de Mercado / Custo de Insumos,23232300.827433757,204,3.2,0.85
2020-02-01,3,1,Oscilações de Mercado / Custo de Insumos,25953104.95760566,109,2.38,0.29
2020-02-01,9,2,Oscilações de Mercado / Custo de Insumos,12893118.794506885,85,2.38,0.29
2020-03-01,3,1,Oscilações de Mercado / Custo de Insumos,21732568.273762714,145,2.44,0.34
2020-03-01,9,4,Oscilações de Mercado / Custo de Insumos,21595439.829827875,157,2.44,0.34
2020-04-01,15,3,Oscilações de Mercado / Custo de Insumos,35894251.61495982,135,2.48,0.28
2020-04-01,4,9,Oscilações de Mercado / Custo de Insumos,15930766.73819005,204,2.48,0.28
2020-05-01,15,3,Oscilações de Mercado / Custo de Insumos,30153749.86350427,325,2.49,0.24
2020-06-01,11,11,Oscilações de Mercado / Custo de Insumos,20820038.786400273,161,2.06,0.21
2020-06-01,13,13,Oscilações de Mercado / Custo de Insumos,4458554.423090041,126,2.06,0.21
2020-06-01,8,5,Oscilações de Mercado / Custo de Insumos,18881384.998968136,177,2.06,0.21
2020-06-01,8,1,Oscilações de Mercado / Custo de Insumos,6409241.620146449,183,2.06,0.21
2020-07-01,10,11,Oscilações de Mercado / Custo de Insumos,27292876.534514073,172,1.94,0.19
2020-08-01,3,10,Oscilações de Mercado / Custo de Insumos,18829054.986377448,34,1.74,0.16
2020-09-01,12,12,Oscilações de Mercado / Custo de Insumos,5277930.062765809,66,1.66,0.16
2020-09-01,8,5,Oscilações de Mercado / Custo de Insumos,6340311.18585616,143,1.66,0.16
2020-10-01,10,11,Oscilações de Mercado / Custo de Insumos,21655568.094166473,193,1.59,0.16
2020-10-01,5,7,Oscilações de Mercado / Custo de Insumos,14927244.958579792,200,1.59,0.16
2020-11-01,14,1,Oscilações de Mercado / Custo de Insumos,16695231.434248907,215,1.6,0.15
2020-12-01,6,8,Oscilações de Mercado / Custo de Insumos,26868183.190313157,213,1.52,0.16
2020-12-01,14,1,Oscilações de Mercado / Custo de Insumos,27893398.54119462,181,1.52,0.16
2021-01-01,6,8,Oscilações de Mercado / Custo de Insumos,20354347.324279834,84,1.67,0.15
2021-02-01,7,1,Oscilações de Mercado / Custo de Insumos,3776385.133751955,34,1.65,0.13
2021-02-01,5,7,Oscilações de Mercado / Custo de Insumos,13948898.209427532,178,1.65,0.13
2021-03-01,3,10,Oscilações de Mercado / Custo de Insumos,2158205.478467329,143,1.72,0.2
2021-04-01,3,1,Oscilações de Mercado / Custo de Insumos,12818037.401024967,61,1.78,0.21
2021-07-01,6,8,Oscilações de Mercado / Custo de Insumos,14854089.683642233,198,1.74,0.36
2021-08-01,11,11,Oscilações de Mercado / Custo de Insumos,8151134.9892751025,34,1.72,0.43
2021-09-01,9,4,Oscilações de Mercado / Custo de Insumos,16041084.9611865,208,1.68,0.44
2021-12-01,11,11,Oscilações de Mercado / Custo de Insumos,6136448.916612914,213,1.63,0.77
2022-01-01,14,1,Oscilações de Mercado / Custo de Insumos,25051464.641853776,81,1.69,0.73
2022-06-01,15,11,Oscilações de Mercado / Custo de Insumos,12397518.781664489,197,1.76,1.02
2022-07-01,12,12,Estiagem Severa (Quebra de Grãos / Soja),21275843.959812954,167,1.86,1.03
2022-07-01,9,2,Oscilações de Mercado / Custo de Insumos,15555825.322539026,136,1.86,1.03
2022-08-01,8,1,Oscilações de Mercado / Custo de Insumos,14772839.007766128,128,1.94,1.17
2022-09-01,8,1,Oscilações de Mercado / Custo de Insumos,16467920.982491333,127,2,1.07
2022-10-01,8,1,Oscilações de Mercado / Custo de Insumos,19702338.867090438,217,2.17,1.02
2023-01-01,11,11,Estiagem Severa (Quebra de Grãos / Soja),22775371.51665797,136,2.38,1.12
2023-02-01,16,8,Oscilações de Mercado / Custo de Insumos,14357107.928698728,155,2.46,0.92
2023-02-01,12,12,Estiagem Severa (Quebra de Grãos / Soja),27339580.848245718,70,2.46,0.92
2023-03-01,11,11,Estiagem Severa (Quebra de Grãos / Soja),7977752.861731298,157,2.54,1.17
2023-04-01,1,11,Estiagem Severa (Quebra de Grãos / Soja),14235328.944645124,218,2.9,0.92
2023-06-01,1,11,Estiagem Severa (Quebra de Grãos / Soja),24800748.366882782,96,3.15,1.07
2023-06-01,2,11,Estiagem Severa (Quebra de Grãos / Soja),11642612.999301234,89,3.15,1.07
2023-08-01,15,3,Oscilações de Mercado / Custo de Insumos,24912502.878233105,251,3.5,1.14
2023-08-01,7,1,Estiagem Severa (Quebra de Grãos / Soja),22587270.163473338,70,3.5,1.14
2023-08-01,12,12,Estiagem Severa (Quebra de Grãos / Soja),11585953.695605755,143,3.5,1.14
2023-08-01,2,11,Estiagem Severa (Quebra de Grãos / Soja),23262748.116981905,164,3.5,1.14
2023-09-01,15,3,Oscilações de Mercado / Custo de Insumos,10025269.182940599,281,3.52,0.97
2023-09-01,6,8,Estiagem Severa (Quebra de Grãos / Soja),8530356.808317728,152,3.52,0.97
2023-09-01,12,12,Estiagem Severa (Quebra de Grãos / Soja),17375279.981877733,91,3.52,0.97
2023-10-01,2,11,Estiagem Severa (Quebra de Grãos / Soja),16532176.576001236,164,3.67,1
2023-12-01,3,1,Oscilações de Mercado / Custo de Insumos,23420260.106287885,183,3.31,0.89
2023-12-01,5,7,Oscilações de Mercado / Custo de Insumos,3895093.332213711,82,3.31,0.89
2024-01-01,3,10,Oscilações de Mercado / Custo de Insumos,15608486.354485273,178,3.57,0.97
2024-02-01,5,7,Oscilações de Mercado / Custo de Insumos,13265201.850251269,144,3.56,0.8
2024-03-01,5,7,Oscilações de Mercado / Custo de Insumos,27157932.912939798,126,3.45,0.83
2024-05-01,8,1,Enchentes Históricas / Calamidade Hídrica,9081034.947920337,207,3.54,0.83
2024-06-01,15,3,Enchentes Históricas / Calamidade Hídrica,37761382.47567047,229,3.36,0.79
2024-07-01,10,11,Oscilações de Mercado / Custo de Insumos,20019889.986194994,164,3.2,0.91
2024-09-01,16,6,Oscilações de Mercado / Custo de Insumos,3441513.9305302883,121,3.19,0.84
2024-10-01,16,8,Oscilações de Mercado / Custo de Insumos,20737734.744062275,42,3.14,0.93
2024-10-01,16,6,Oscilações de Mercado / Custo de Insumos,22542539.697477814,183,3.14,0.93
2024-10-01,4,9,Oscilações de Mercado / Custo de Insumos,14499042.72280723,112,3.14,0.93
2024-10-01,3,1,Oscilações de Mercado / Custo de Insumos,21431233.272629343,139,3.14,0.93
2024-11-01,10,11,Oscilações de Mercado / Custo de Insumos,4266780.045293285,167,3.09,0.79
2024-11-01,12,12,Oscilações de Mercado / Custo de Insumos,4247288.865752745,192,3.09,0.79
2025-02-01,15,3,Atraso de Transplante e Perda de Estufas,17134678.373429682,228,3.26,0.99
2025-03-01,15,11,Oscilações de Mercado / Custo de Insumos,7523211.391542646,156,3.2,0.96
2025-03-01,9,4,Oscilações de Mercado / Custo de Insumos,4811244.522960652,186,3.2,0.96
2025-05-01,7,1,Oscilações de Mercado / Custo de Insumos,23632907.27259293,204,3.48,1.14
2025-09-01,4,9,Oscilações de Mercado / Custo de Insumos,15984879.312506732,36,3.65,1.22
2025-09-01,8,5,Oscilações de Mercado / Custo de Insumos,27992501.668884948,38,3.65,1.22
2025-10-01,16,6,Oscilações de Mercado / Custo de Insumos,20425179.57707676,159,3.72,1.28
2025-10-01,9,2,Oscilações de Mercado / Custo de Insumos,14698927.576030966,206,3.72,1.28
2025-11-01,2,11,Oscilações de Mercado / Custo de Insumos,19944349.70627223,81,3.57,1.05
2025-11-01,8,5,Oscilações de Mercado / Custo de Insumos,22586923.17480011,71,3.57,1.05
2025-12-01,15,11,Oscilações de Mercado / Custo de Insumos,5542677.527281972,157,3.49,1.22
2025-12-01,12,12,Oscilações de Mercado / Custo de Insumos,9820798.331045343,116,3.49,1.22
2026-01-01,7,1,Oscilações de Mercado / Custo de Insumos,21701819.431934666,71,3.76,1.16
2026-02-01,15,11,Oscilações de Mercado / Custo de Insumos,17349326.98996949,110,4.01,1
2026-02-01,11,11,Oscilações de Mercado / Custo de Insumos,8884304.103274569,121,4.01,1
2026-02-01,8,1,Oscilações de Mercado / Custo de Insumos,24738394.135678545,163,4.01,1
2026-02-01,9,4,Oscilações de Mercado / Custo de Insumos,5195537.061320579,122,4.01,1
2026-03-01,8,1,Oscilações de Mercado / Custo de Insumos,12152429.779421385,186,3.92,1.21
2026-04-01,16,8,Oscilações de Mercado / Custo de Insumos,19826764.42850356,67,4.01,1.09
2026-04-01,4,9,Oscilações de Mercado / Custo de Insumos,2623251.723595351,152,4.01,1.09
2026-05-01,3,10,Oscilações de Mercado / Custo de Insumos,27772791.02098258,70,4.11,1.07
2026-06-01,3,10,Oscilações de Mercado / Custo de Insumos,22942495.861160632,76,3.98,1.12
2026-08-01,16,8,Oscilações de Mercado / Custo de Insumos,4299461.065606119,190,3.2,0.85
2026-10-01,1,11,Oscilações de Mercado / Custo de Insumos,24927640.773643658,17,3.2,0.85
2026-11-01,3,1,Oscilações de Mercado / Custo de Insumos,27277403.974850707,50,3.2,0.85
2026-12-01,13,13,Oscilações de Mercado / Custo de Insumos,3153720.507438581,182,3.2,0.85
2020-01-01,2,11,Oscilações de Mercado / Custo de Insumos,12276357.458939694,73,2.41,0.38
2020-01-01,3,10,Oscilações de Mercado / Custo de Insumos,4173888.584759905,204,2.41,0.38
2020-03-01,6,8,Oscilações de Mercado / Custo de Insumos,8997710.976339681,118,2.44,0.34
2020-05-01,11,11,Oscilações de Mercado / Custo de Insumos,11435918.077244435,52,2.49,0.24
2020-05-01,9,4,Oscilações de Mercado / Custo de Insumos,4773006.256503433,199,2.49,0.24
2020-06-01,3,10,Oscilações de Mercado / Custo de Insumos,27309992.522989314,113,2.06,0.21
2020-07-01,1,11,Oscilações de Mercado / Custo de Insumos,9156235.895950422,62,1.94,0.19
2020-07-01,2,11,Oscilações de Mercado / Custo de Insumos,27857223.382890336,31,1.94,0.19
2020-07-01,9,2,Oscilações de Mercado / Custo de Insumos,9514560.972223144,130,1.94,0.19
2020-08-01,11,11,Oscilações de Mercado / Custo de Insumos,20061812.41407602,118,1.74,0.16
2020-08-01,1,11,Oscilações de Mercado / Custo de Insumos,23024970.940594535,40,1.74,0.16
2020-08-01,5,7,Oscilações de Mercado / Custo de Insumos,3130135.5132321995,158,1.74,0.16
2020-09-01,2,11,Oscilações de Mercado / Custo de Insumos,8895804.983066345,134,1.66,0.16
2020-09-01,5,7,Oscilações de Mercado / Custo de Insumos,3918871.725370579,131,1.66,0.16
2020-10-01,3,10,Oscilações de Mercado / Custo de Insumos,18197529.791712992,152,1.59,0.16
2020-12-01,13,13,Oscilações de Mercado / Custo de Insumos,22539370.945617232,67,1.52,0.16
2020-12-01,8,5,Oscilações de Mercado / Custo de Insumos,13368099.135982478,136,1.52,0.16
2021-02-01,15,11,Oscilações de Mercado / Custo de Insumos,10254383.372872692,75,1.65,0.13
2021-02-01,11,11,Oscilações de Mercado / Custo de Insumos,9515741.407193063,28,1.65,0.13
2021-02-01,2,11,Oscilações de Mercado / Custo de Insumos,12136471.123533003,214,1.65,0.13
2021-02-01,9,2,Oscilações de Mercado / Custo de Insumos,20091836.90731732,169,1.65,0.13
2021-03-01,11,11,Oscilações de Mercado / Custo de Insumos,22173179.83386291,47,1.72,0.2
2021-03-01,1,11,Oscilações de Mercado / Custo de Insumos,11779340.443732763,40,1.72,0.2
2021-04-01,1,11,Oscilações de Mercado / Custo de Insumos,17256844.505006067,71,1.78,0.21
2021-05-01,9,2,Oscilações de Mercado / Custo de Insumos,7205943.422231764,26,1.81,0.27
2021-06-01,15,3,Oscilações de Mercado / Custo de Insumos,32970020.886033677,99,1.71,0.31
2021-06-01,16,8,Oscilações de Mercado / Custo de Insumos,24687759.951597564,70,1.71,0.31
2021-07-01,8,5,Oscilações de Mercado / Custo de Insumos,20060390.314000245,54,1.74,0.36
2021-08-01,9,4,Oscilações de Mercado / Custo de Insumos,12590231.950658435,52,1.72,0.43
2021-09-01,1,11,Oscilações de Mercado / Custo de Insumos,7975123.746902994,19,1.68,0.44
2021-09-01,9,2,Oscilações de Mercado / Custo de Insumos,25368853.819793694,159,1.68,0.44
2021-10-01,5,7,Oscilações de Mercado / Custo de Insumos,7806386.555095207,171,1.68,0.49
2021-11-01,15,11,Oscilações de Mercado / Custo de Insumos,9343755.951664023,61,1.73,0.59
2021-11-01,9,4,Oscilações de Mercado / Custo de Insumos,7186190.979441702,151,1.73,0.59
2021-12-01,10,11,Oscilações de Mercado / Custo de Insumos,7684646.361027528,142,1.63,0.77
2021-12-01,7,1,Oscilações de Mercado / Custo de Insumos,25714035.927433174,122,1.63,0.77
2021-12-01,3,10,Oscilações de Mercado / Custo de Insumos,24348558.86873723,132,1.63,0.77
2022-01-01,16,6,Oscilações de Mercado / Custo de Insumos,12299992.194933541,127,1.69,0.73
2022-02-01,3,1,Oscilações de Mercado / Custo de Insumos,8823267.389559358,133,1.61,0.76
2022-03-01,3,1,Oscilações de Mercado / Custo de Insumos,25380488.41642035,41,1.77,0.93
2022-05-01,5,7,Oscilações de Mercado / Custo de Insumos,21320691.160749774,96,1.79,1.03
2022-07-01,6,8,Estiagem Severa (Quebra de Grãos / Soja),17871378.397320542,76,1.86,1.03
2022-07-01,13,13,Oscilações de Mercado / Custo de Insumos,7843549.067005278,124,1.86,1.03
2022-08-01,6,8,Estiagem Severa (Quebra de Grãos / Soja),24127470.573691603,167,1.94,1.17
2022-08-01,8,5,Oscilações de Mercado / Custo de Insumos,27776653.78080026,211,1.94,1.17
2022-09-01,16,6,Oscilações de Mercado / Custo de Insumos,24085241.30226914,106,2,1.07
2022-09-01,3,10,Oscilações de Mercado / Custo de Insumos,1829346.9207788685,173,2,1.07
2022-10-01,4,9,Estiagem Severa (Quebra de Grãos / Soja),9685245.454006586,82,2.17,1.02
2022-11-01,3,1,Oscilações de Mercado / Custo de Insumos,10203459.799478939,15,2.21,1.02
2022-12-01,7,1,Estiagem Severa (Quebra de Grãos / Soja),13074014.446365923,98,2.18,1.12
2023-01-01,16,8,Oscilações de Mercado / Custo de Insumos,24922377.32847352,47,2.38,1.12
2023-01-01,6,8,Estiagem Severa (Quebra de Grãos / Soja),6188043.655187627,120,2.38,1.12
2023-01-01,8,1,Oscilações de Mercado / Custo de Insumos,16288638.057909312,98,2.38,1.12
2023-02-01,3,10,Oscilações de Mercado / Custo de Insumos,24548739.64169957,63,2.46,0.92
2023-02-01,5,7,Oscilações de Mercado / Custo de Insumos,12696772.993049849,173,2.46,0.92
2023-02-01,8,1,Oscilações de Mercado / Custo de Insumos,27676418.569884714,140,2.46,0.92
2023-03-01,3,1,Oscilações de Mercado / Custo de Insumos,12621416.775769662,133,2.54,1.17
2023-03-01,2,11,Estiagem Severa (Quebra de Grãos / Soja),14697679.838938512,180,2.54,1.17
2023-04-01,6,8,Estiagem Severa (Quebra de Grãos / Soja),2760791.3856588257,42,2.9,0.92
2023-05-01,13,13,Oscilações de Mercado / Custo de Insumos,23758620.58878049,207,3.1,1.12
2023-05-01,14,1,Oscilações de Mercado / Custo de Insumos,24565310.593342416,40,3.1,1.12
2023-06-01,4,9,Estiagem Severa (Quebra de Grãos / Soja),21147369.282384753,173,3.15,1.07
2023-06-01,8,5,Oscilações de Mercado / Custo de Insumos,8023656.228907379,175,3.15,1.07
2023-07-01,15,11,Oscilações de Mercado / Custo de Insumos,15399942.770568913,86,3.34,1.07
2023-07-01,10,11,Estiagem Severa (Quebra de Grãos / Soja),12249156.859498793,147,3.34,1.07
2023-07-01,9,2,Oscilações de Mercado / Custo de Insumos,17020419.795485303,49,3.34,1.07
2023-07-01,9,4,Oscilações de Mercado / Custo de Insumos,17790745.12274606,120,3.34,1.07
2023-08-01,8,1,Oscilações de Mercado / Custo de Insumos,9713985.14807163,51,3.5,1.14
2023-09-01,3,1,Oscilações de Mercado / Custo de Insumos,17442629.22266712,49,3.52,0.97
2023-11-01,13,13,Oscilações de Mercado / Custo de Insumos,26490539.90047851,165,3.75,0.92
2023-12-01,7,1,Estiagem Severa (Quebra de Grãos / Soja),23348990.76722026,24,3.31,0.89
2023-12-01,6,8,Estiagem Severa (Quebra de Grãos / Soja),5446988.244979282,28,3.31,0.89
2024-01-01,11,11,Oscilações de Mercado / Custo de Insumos,4980285.412867637,163,3.57,0.97
2024-02-01,15,11,Oscilações de Mercado / Custo de Insumos,6770005.022176542,72,3.56,0.8
2024-02-01,11,11,Oscilações de Mercado / Custo de Insumos,5710029.782294614,197,3.56,0.8
2024-02-01,12,12,Oscilações de Mercado / Custo de Insumos,21118755.42756035,126,3.56,0.8
2024-03-01,15,3,Atraso de Transplante e Perda de Estufas,28466720.802639894,261,3.45,0.83
2024-04-01,7,1,Oscilações de Mercado / Custo de Insumos,5903927.048713777,138,3.54,0.89
2024-04-01,12,12,Oscilações de Mercado / Custo de Insumos,16212408.840003688,73,3.54,0.89
2024-04-01,8,5,Oscilações de Mercado / Custo de Insumos,8408714.728542075,189,3.54,0.89
2024-05-01,7,1,Oscilações de Mercado / Custo de Insumos,23225975.64225196,194,3.54,0.83
2024-06-01,6,8,Oscilações de Mercado / Custo de Insumos,24768249.959898856,84,3.36,0.79
2024-06-01,3,10,Enchentes Históricas / Calamidade Hídrica,2561670.1650115876,163,3.36,0.79
2024-09-01,15,11,Oscilações de Mercado / Custo de Insumos,3512593.3281868934,84,3.19,0.84
2024-09-01,5,7,Oscilações de Mercado / Custo de Insumos,16611652.669776179,179,3.19,0.84
2024-10-01,11,11,Oscilações de Mercado / Custo de Insumos,5493142.241070354,99,3.14,0.93
2024-10-01,12,12,Oscilações de Mercado / Custo de Insumos,4356137.7682696525,80,3.14,0.93
2024-10-01,14,1,Oscilações de Mercado / Custo de Insumos,7075731.091962529,63,3.14,0.93
2024-11-01,9,2,Oscilações de Mercado / Custo de Insumos,17872996.23234642,21,3.09,0.79
2024-12-01,3,10,Oscilações de Mercado / Custo de Insumos,15617870.09961412,145,2.77,0.93
2025-01-01,2,11,Oscilações de Mercado / Custo de Insumos,2615228.717834771,177,3.12,1.01
2025-03-01,8,5,Oscilações de Mercado / Custo de Insumos,16821752.855642714,64,3.2,0.96
2025-04-01,9,2,Oscilações de Mercado / Custo de Insumos,5468631.355896924,41,3.48,1.06
2025-06-01,2,11,Oscilações de Mercado / Custo de Insumos,3900716.3689458705,90,3.51,1.1
2025-06-01,8,5,Oscilações de Mercado / Custo de Insumos,14956424.581004057,24,3.51,1.1
2025-06-01,9,2,Oscilações de Mercado / Custo de Insumos,5843225.01041668,135,3.51,1.1
2025-07-01,3,10,Oscilações de Mercado / Custo de Insumos,13593232.062966624,209,3.71,1.28
2025-07-01,8,1,Oscilações de Mercado / Custo de Insumos,2518412.1212836304,71,3.71,1.28
2025-07-01,9,4,Oscilações de Mercado / Custo de Insumos,15206052.328435607,181,3.71,1.28
2025-09-01,15,3,Atraso de Transplante e Perda de Estufas,36696029.690370515,233,3.65,1.22
2025-09-01,12,12,Oscilações de Mercado / Custo de Insumos,8268974.578690742,100,3.65,1.22
2025-09-01,9,2,Oscilações de Mercado / Custo de Insumos,7231495.883514019,153,3.65,1.22
2025-10-01,8,1,Oscilações de Mercado / Custo de Insumos,17670788.942243285,157,3.72,1.28
2026-01-01,4,9,Oscilações de Mercado / Custo de Insumos,25082867.902953446,45,3.76,1.16
2026-01-01,14,1,Oscilações de Mercado / Custo de Insumos,8910925.767703917,22,3.76,1.16
2026-02-01,1,11,Oscilações de Mercado / Custo de Insumos,26506176.000580315,157,4.01,1
2026-03-01,3,10,Oscilações de Mercado / Custo de Insumos,2741593.2829446974,187,3.92,1.21
2026-03-01,9,4,Oscilações de Mercado / Custo de Insumos,4035943.015889311,114,3.92,1.21
2026-04-01,15,3,Atraso de Transplante e Perda de Estufas,25610810.919748906,159,4.01,1.09
2026-04-01,8,5,Oscilações de Mercado / Custo de Insumos,22947475.078959923,189,4.01,1.09
2026-05-01,8,5,Oscilações de Mercado / Custo de Insumos,7704989.221777265,31,4.11,1.07
2026-06-01,4,9,Oscilações de Mercado / Custo de Insumos,3429724.525515212,188,3.98,1.12
2026-06-01,3,1,Oscilações de Mercado / Custo de Insumos,11081815.438835422,29,3.98,1.12
2026-06-01,13,13,Oscilações de Mercado / Custo de Insumos,18067805.06370395,211,3.98,1.12
2026-06-01,8,1,Oscilações de Mercado / Custo de Insumos,14410934.46523442,107,3.98,1.12
2026-08-01,13,13,Oscilações de Mercado / Custo de Insumos,9019356.007550465,105,3.2,0.85
2026-09-01,6,8,Oscilações de Mercado / Custo de Insumos,23961258.222051155,85,3.2,0.85
2026-09-01,9,2,Oscilações de Mercado / Custo de Insumos,3048200.944836473,54,3.2,0.85
2026-10-01,7,1,Oscilações de Mercado / Custo de Insumos,15738967.989387397,76,3.2,0.85
2026-10-01,8,5,Oscilações de Mercado / Custo de Insumos,23199622.022447664,126,3.2,0.85
2026-10-01,9,4,Oscilações de Mercado / Custo de Insumos,7576796.988854587,53,3.2,0.85
2026-12-01,1,11,Oscilações de Mercado / Custo de Insumos,16445292.61341408,146,3.2,0.85
2020-01-01,15,11,Oscilações de Mercado / Custo de Insumos,17437474.13819796,203,2.41,0.38
2020-02-01,8,1,Oscilações de Mercado / Custo de Insumos,3753226.8644099953,59,2.38,0.29
2020-03-01,10,11,Oscilações de Mercado / Custo de Insumos,18130410.922882017,215,2.44,0.34
2020-03-01,12,12,Oscilações de Mercado / Custo de Insumos,14172031.039243072,49,2.44,0.34
2020-05-01,6,8,Oscilações de Mercado / Custo de Insumos,27565686.291444886,130,2.49,0.24
2020-05-01,14,1,Oscilações de Mercado / Custo de Insumos,6368400.439930776,213,2.49,0.24
2020-08-01,2,11,Oscilações de Mercado / Custo de Insumos,15197170.85015657,74,1.74,0.16
2020-12-01,9,2,Oscilações de Mercado / Custo de Insumos,19826386.266586024,90,1.52,0.16
2021-01-01,15,3,Oscilações de Mercado / Custo de Insumos,16669987.412971728,203,1.67,0.15
2021-01-01,7,1,Oscilações de Mercado / Custo de Insumos,24865431.17832652,79,1.67,0.15
2021-01-01,12,12,Oscilações de Mercado / Custo de Insumos,22161249.197298843,33,1.67,0.15
2021-02-01,1,11,Oscilações de Mercado / Custo de Insumos,25779663.751730587,199,1.65,0.13
2021-03-01,15,11,Oscilações de Mercado / Custo de Insumos,23350475.764587026,49,1.72,0.2
2021-03-01,8,1,Oscilações de Mercado / Custo de Insumos,21947470.277729373,37,1.72,0.2
2021-04-01,11,11,Oscilações de Mercado / Custo de Insumos,9863763.682001494,137,1.78,0.21
2021-04-01,12,12,Oscilações de Mercado / Custo de Insumos,4116295.4521799404,147,1.78,0.21
2021-06-01,1,11,Oscilações de Mercado / Custo de Insumos,3433343.697794526,123,1.71,0.31
2021-08-01,12,12,Oscilações de Mercado / Custo de Insumos,9362120.494894702,156,1.72,0.43
2021-09-01,7,1,Oscilações de Mercado / Custo de Insumos,16851195.56531369,78,1.68,0.44
2021-10-01,15,3,Oscilações de Mercado / Custo de Insumos,12663193.908788804,171,1.68,0.49
2021-10-01,8,5,Oscilações de Mercado / Custo de Insumos,18598067.98159479,169,1.68,0.49
2021-12-01,6,8,Oscilações de Mercado / Custo de Insumos,9960597.083678244,102,1.63,0.77
2022-01-01,11,11,Estiagem Severa (Quebra de Grãos / Soja),11580704.086529527,145,1.69,0.73
2022-01-01,2,11,Estiagem Severa (Quebra de Grãos / Soja),12489193.778558932,107,1.69,0.73
2022-02-01,2,11,Estiagem Severa (Quebra de Grãos / Soja),10844034.19588942,19,1.61,0.76
2022-03-01,9,2,Oscilações de Mercado / Custo de Insumos,4166828.3671333264,65,1.77,0.93
2022-04-01,15,3,Oscilações de Mercado / Custo de Insumos,34850094.72780104,188,1.78,0.83
2022-05-01,12,12,Estiagem Severa (Quebra de Grãos / Soja),27983061.688624874,213,1.79,1.03
2022-05-01,1,11,Estiagem Severa (Quebra de Grãos / Soja),16680165.040478893,40,1.79,1.03
2022-05-01,14,1,Oscilações de Mercado / Custo de Insumos,23927194.241618846,130,1.79,1.03
2022-06-01,8,5,Oscilações de Mercado / Custo de Insumos,21124656.30162896,98,1.76,1.02
2022-06-01,9,2,Oscilações de Mercado / Custo de Insumos,9581475.363117915,156,1.76,1.02
2022-07-01,3,1,Oscilações de Mercado / Custo de Insumos,23751034.26442103,162,1.86,1.03
2022-07-01,2,11,Estiagem Severa (Quebra de Grãos / Soja),17722704.02582611,68,1.86,1.03
2022-07-01,8,1,Oscilações de Mercado / Custo de Insumos,26107109.81971458,23,1.86,1.03
2022-08-01,15,11,Oscilações de Mercado / Custo de Insumos,13940575.603249243,174,1.94,1.17
2022-09-01,12,12,Estiagem Severa (Quebra de Grãos / Soja),24878813.891011924,147,2,1.07
2022-09-01,1,11,Estiagem Severa (Quebra de Grãos / Soja),13995314.22977357,72,2,1.07
2022-09-01,2,11,Estiagem Severa (Quebra de Grãos / Soja),23282609.23609222,152,2,1.07
2022-10-01,9,2,Oscilações de Mercado / Custo de Insumos,5964183.021851021,40,2.17,1.02
2022-11-01,16,8,Oscilações de Mercado / Custo de Insumos,23806615.71441876,130,2.21,1.02
2022-12-01,15,11,Oscilações de Mercado / Custo de Insumos,27148795.106680974,74,2.18,1.12
2023-01-01,4,9,Estiagem Severa (Quebra de Grãos / Soja),7062508.154392107,117,2.38,1.12
2023-01-01,9,4,Oscilações de Mercado / Custo de Insumos,14399680.383963402,168,2.38,1.12
2023-02-01,16,6,Oscilações de Mercado / Custo de Insumos,10420256.87074415,136,2.46,0.92
2023-03-01,1,11,Estiagem Severa (Quebra de Grãos / Soja),27250551.46389096,28,2.54,1.17
2023-03-01,14,1,Oscilações de Mercado / Custo de Insumos,18885629.032897472,84,2.54,1.17
2023-03-01,8,5,Oscilações de Mercado / Custo de Insumos,27198602.84518453,103,2.54,1.17
2023-04-01,8,5,Oscilações de Mercado / Custo de Insumos,18568077.73112714,43,2.9,0.92
2023-06-01,16,8,Oscilações de Mercado / Custo de Insumos,3063155.418146568,206,3.15,1.07
2023-07-01,3,1,Oscilações de Mercado / Custo de Insumos,26812092.786872655,138,3.34,1.07
2023-08-01,16,8,Oscilações de Mercado / Custo de Insumos,19645287.77388255,21,3.5,1.14
2023-08-01,13,13,Oscilações de Mercado / Custo de Insumos,22596088.879969526,151,3.5,1.14
2023-09-01,16,6,Oscilações de Mercado / Custo de Insumos,24405283.43163259,122,3.52,0.97
2023-09-01,9,4,Oscilações de Mercado / Custo de Insumos,17408669.078550667,111,3.52,0.97
2023-10-01,16,6,Oscilações de Mercado / Custo de Insumos,3632208.069587174,19,3.67,1
2023-10-01,14,1,Oscilações de Mercado / Custo de Insumos,12874454.770980166,204,3.67,1
2023-11-01,4,9,Estiagem Severa (Quebra de Grãos / Soja),15079166.913696645,30,3.75,0.92
2023-12-01,16,8,Oscilações de Mercado / Custo de Insumos,5829328.121302415,80,3.31,0.89
2023-12-01,10,11,Estiagem Severa (Quebra de Grãos / Soja),16813685.43798825,34,3.31,0.89
2024-02-01,16,6,Oscilações de Mercado / Custo de Insumos,22800272.331334326,195,3.56,0.8
2024-03-01,11,11,Oscilações de Mercado / Custo de Insumos,21122719.017825983,162,3.45,0.83
2024-03-01,14,1,Oscilações de Mercado / Custo de Insumos,21953646.4733591,150,3.45,0.83
2024-04-01,9,4,Oscilações de Mercado / Custo de Insumos,16414706.508390032,118,3.54,0.89
2024-05-01,15,3,Enchentes Históricas / Calamidade Hídrica,29177007.75929384,382,3.54,0.83
2024-06-01,16,8,Enchentes Históricas / Calamidade Hídrica,1937015.8748243137,178,3.36,0.79
2024-07-01,16,8,Enchentes Históricas / Calamidade Hídrica,23416294.546717625,202,3.2,0.91
2024-07-01,16,6,Enchentes Históricas / Calamidade Hídrica,18476055.057487838,63,3.2,0.91
2024-07-01,12,12,Oscilações de Mercado / Custo de Insumos,21070246.889973484,197,3.2,0.91
2024-07-01,1,11,Oscilações de Mercado / Custo de Insumos,11531256.449073799,160,3.2,0.91
2024-07-01,5,7,Oscilações de Mercado / Custo de Insumos,22384072.39370208,162,3.2,0.91
2024-07-01,8,5,Enchentes Históricas / Calamidade Hídrica,21377153.198841386,92,3.2,0.91
2024-07-01,9,2,Enchentes Históricas / Calamidade Hídrica,7116932.830462437,158,3.2,0.91
2024-07-01,9,4,Enchentes Históricas / Calamidade Hídrica,27466743.933887746,75,3.2,0.91
2024-08-01,3,1,Enchentes Históricas / Calamidade Hídrica,13245488.408517703,177,3.22,0.87
2024-09-01,15,3,Atraso de Transplante e Perda de Estufas,35459109.09061172,214,3.19,0.84
2024-10-01,13,13,Oscilações de Mercado / Custo de Insumos,4732721.287964094,182,3.14,0.93
2024-10-01,8,1,Oscilações de Mercado / Custo de Insumos,10451634.699633235,168,3.14,0.93
2024-11-01,4,9,Oscilações de Mercado / Custo de Insumos,12037083.179076666,111,3.09,0.79
2024-11-01,8,1,Oscilações de Mercado / Custo de Insumos,22583447.381482266,212,3.09,0.79
2024-12-01,2,11,Oscilações de Mercado / Custo de Insumos,6050515.231500959,73,2.77,0.93
2025-01-01,16,6,Oscilações de Mercado / Custo de Insumos,4759112.0603727475,35,3.12,1.01
2025-01-01,3,10,Oscilações de Mercado / Custo de Insumos,10050893.221659753,80,3.12,1.01
2025-01-01,9,2,Oscilações de Mercado / Custo de Insumos,19986745.025957573,81,3.12,1.01
2025-02-01,12,12,Oscilações de Mercado / Custo de Insumos,5175836.254406677,86,3.26,0.99
2025-02-01,2,11,Oscilações de Mercado / Custo de Insumos,2901046.4894908187,127,3.26,0.99
2025-04-01,15,3,Atraso de Transplante e Perda de Estufas,50188272.13483028,297,3.48,1.06
2025-04-01,3,10,Oscilações de Mercado / Custo de Insumos,21282160.603825867,105,3.48,1.06
2025-05-01,16,6,Oscilações de Mercado / Custo de Insumos,15869596.194805589,155,3.48,1.14
2025-05-01,5,7,Oscilações de Mercado / Custo de Insumos,14730920.404911108,53,3.48,1.14
2025-06-01,10,11,Oscilações de Mercado / Custo de Insumos,1855120.6912081453,105,3.51,1.1
2025-06-01,11,11,Oscilações de Mercado / Custo de Insumos,8525388.781723201,96,3.51,1.1
2025-06-01,5,7,Oscilações de Mercado / Custo de Insumos,18736992.361264702,119,3.51,1.1
2025-07-01,13,13,Oscilações de Mercado / Custo de Insumos,22717564.921580836,122,3.71,1.28
2025-08-01,16,6,Oscilações de Mercado / Custo de Insumos,18720546.520705886,216,3.78,1.16
2025-09-01,14,1,Oscilações de Mercado / Custo de Insumos,17008251.146034837,143,3.65,1.22
2025-10-01,13,13,Oscilações de Mercado / Custo de Insumos,4254217.422494847,62,3.72,1.28
2025-11-01,15,11,Oscilações de Mercado / Custo de Insumos,22932640.768948458,18,3.57,1.05
2025-12-01,6,8,Oscilações de Mercado / Custo de Insumos,12466190.015091443,18,3.49,1.22
2025-12-01,5,7,Oscilações de Mercado / Custo de Insumos,14916355.823444948,159,3.49,1.22
2026-01-01,9,4,Oscilações de Mercado / Custo de Insumos,21414505.13410644,119,3.76,1.16
2026-03-01,15,11,Oscilações de Mercado / Custo de Insumos,22283785.219637312,98,3.92,1.21
2026-03-01,11,11,Oscilações de Mercado / Custo de Insumos,3171701.528911777,119,3.92,1.21
2026-05-01,15,11,Oscilações de Mercado / Custo de Insumos,16684023.823252123,30,4.11,1.07
2026-07-01,16,6,Oscilações de Mercado / Custo de Insumos,27505965.772945736,201,4.19,1.22
2026-08-01,15,11,Oscilações de Mercado / Custo de Insumos,15284710.768581701,80,3.2,0.85
2026-09-01,4,9,Oscilações de Mercado / Custo de Insumos,9201396.92848873,129,3.2,0.85
2026-10-01,16,6,Oscilações de Mercado / Custo de Insumos,26192461.237194855,37,3.2,0.85
2026-10-01,11,11,Oscilações de Mercado / Custo de Insumos,20745960.77572292,115,3.2,0.85
2026-10-01,3,1,Oscilações de Mercado / Custo de Insumos,20908833.605105504,100,3.2,0.85
2026-11-01,16,6,Oscilações de Mercado / Custo de Insumos,6183818.164827782,46,3.2,0.85
2026-11-01,12,12,Oscilações de Mercado / Custo de Insumos,22255174.553863607,116,3.2,0.85
2026-12-01,15,3,Atraso de Transplante e Perda de Estufas,25763396.203162506,80,3.2,0.85
2026-12-01,7,1,Oscilações de Mercado / Custo de Insumos,25552191.919610664,142,3.2,0.85
2026-12-01,6,8,Oscilações de Mercado / Custo de Insumos,20236934.226281136,92,3.2,0.85
